1510.0	-101.20847591904479
1510.0180000000005	-101.07464282422059
1510.036000000001	-100.93767831761498
1510.0540000000015	-100.79756562546439
1510.072000000002	-100.65428747217355
1510.0900000000024	-100.50782607071608
1510.108000000003	-100.35816311266018
1510.1260000000034	-100.20527975780854
1510.1440000000039	-100.04915662343662
1510.1620000000044	-99.88977377311578
1510.1800000000048	-99.72711070510624
1510.1980000000053	-99.5611463403026
1510.2160000000058	-99.39185900971601
1510.2340000000063	-99.21922644147556
1510.252000000007	-99.04322574732839
1510.2700000000075	-98.86383340862153
1510.288000000008	-98.68102526174269
1510.3060000000085	-98.49477648299896
1510.324000000009	-98.3050615729112
1510.3420000000094	-98.11185433989914
1510.36000000001	-97.91512788333272
1510.3780000000104	-97.71485457592195
1510.3960000000109	-97.51100604541868
1510.4140000000114	-97.30355315559906
1510.4320000000118	-97.09246598649727
1510.4500000000123	-96.87771381385542
1510.4680000000128	-96.65926508775748
1510.4860000000133	-96.43708741040861
1510.5040000000138	-96.21114751302214
1510.5220000000143	-95.9814112317732
1510.5400000000147	-95.74784348277633
1510.5580000000155	-95.5104082360404
1510.576000000016	-95.26906848835392
1510.5940000000164	-95.02378623504896
1510.612000000017	-94.7745224405903
1510.6300000000174	-94.52123700793202
1510.6480000000179	-94.2638887465816
1510.6660000000184	-94.00243533930713
1510.6840000000188	-93.73683330742014
1510.7020000000193	-93.46703797456075
1510.7200000000198	-93.19300342891026
1510.7380000000203	-92.91468248374838
1510.7560000000208	-92.63202663626936
1510.7740000000213	-92.3449860245654
1510.7920000000217	-92.05350938267918
1510.8100000000222	-91.757543993622
1510.8280000000227	-91.45703564024487
1510.8460000000232	-91.15192855384936
1510.8640000000237	-90.84216536040479
1510.8820000000244	-90.52768702424589
1510.9000000000249	-90.2084327890997
1510.9180000000254	-89.88434011629454
1510.9360000000258	-89.55534461998342
1510.9540000000263	-89.22137999920864
1510.9720000000268	-88.88237796661782
1510.9900000000273	-88.53826817363363
1511.0080000000278	-88.18897813185652
1511.0260000000283	-87.83443313047476
1511.0440000000287	-87.47455614942815
1511.0620000000292	-87.1092677680612
1511.0800000000297	-86.73848606897691
1511.0980000000302	-86.36212653678317
1511.1160000000307	-85.98010195139602
1511.1340000000312	-85.59232227554239
1511.1520000000316	-85.19869453607173
1511.1700000000321	-84.79912269865942
1511.1880000000328	-84.39350753544619
1511.2060000000333	-83.98174648512216
1511.2240000000338	-83.56373350492467
1511.2420000000343	-83.1393589139706
1511.2600000000348	-82.70850922729659
1511.2780000000353	-82.27106697992384
1511.2960000000357	-81.82691054020766
1511.3140000000362	-81.37591391165928
1511.3320000000367	-80.91794652235944
1511.3500000000372	-80.45287300100011
1511.3680000000377	-79.98055293849751
1511.3860000000382	-79.50084063402402
1511.4040000000386	-79.01358482419097
1511.4220000000391	-78.51862839399432
1511.4400000000396	-78.01580806799096
1511.45800000004	-77.50495408002463
1511.4760000000406	-76.98588981964534
1511.494000000041	-76.45843145316822
1511.5120000000418	-75.9223875171074
1511.5300000000423	-75.37755848146641
1511.5480000000427	-74.82373628010039
1511.5660000000432	-74.2607038050401
1511.5840000000437	-73.68823436132867
1511.6020000000442	-73.10609107850976
1511.6200000000447	-72.51402627445526
1511.6380000000452	-71.9117807667005
1511.6560000000457	-71.29908312586304
1511.6740000000461	-70.67564886503868
1511.6920000000466	-70.0411795582954
1511.710000000047	-69.39536188048466
1511.7280000000476	-68.73786655955729
1511.746000000048	-68.06834723137999
1511.7640000000486	-67.38643918565121
1511.782000000049	-66.69175798991566
1511.8000000000495	-65.98389797678095
1511.8180000000502	-65.26243057723909
1511.8360000000507	-64.5269024804155
1511.8540000000512	-63.77683359699774
1511.8720000000517	-63.01171480000338
1511.8900000000522	-62.23100541225751
1511.9080000000527	-61.43413040483405
1511.9260000000531	-60.62047726462903
1511.9440000000536	-59.78939248188066
1511.962000000054	-58.940177599612994
1511.9800000000546	-58.07208475627359
1511.998000000055	-57.18431163978892
1512.0160000000556	-56.275995755347
1512.034000000056	-55.34620788966247
1512.0520000000565	-54.39394463037114
1512.070000000057	-53.4181197693284
1512.0880000000575	-52.41755438141267
1512.106000000058	-51.390965323970676
1512.1240000000587	-50.336951843711006
1512.1420000000592	-49.25397990440477
1512.1600000000597	-48.14036375598221
1512.1780000000601	-46.99424414831419
1512.1960000000606	-45.813562444735524
1512.214000000061	-44.59602970386306
1512.2320000000616	-43.339089565867575
1512.250000000062	-42.03987349545258
1512.2680000000626	-40.69514660010279
1512.286000000063	-39.30124188035943
1512.3040000000635	-37.853980448874644
1512.322000000064	-36.34857515887195
1512.3400000000645	-34.77951564862838
1512.358000000065	-33.140435060119586
1512.3760000000655	-31.423965000156635
1512.394000000066	-29.621601214203224
1512.4120000000664	-27.723640999645774
1512.430000000067	-25.719345883412522
1512.4480000000676	-23.59770512207507
1512.466000000068	-21.34970760276947
1512.4840000000686	-18.974271794613063
1512.502000000069	-16.492589982787496
1512.5200000000696	-13.979171213425811
1512.53800000007	-11.61200874938108
1512.5560000000705	-9.689977783697248
1512.574000000071	-8.476996241658476
1512.5920000000715	-7.938987981541555
1512.610000000072	-7.79025530368603
1512.6280000000725	-7.766342999096564
1512.646000000073	-7.731981049325022
1512.6640000000734	-7.6464614219065785
1512.682000000074	-7.515628006014568
1512.7000000000744	-7.36323900986144
1512.7180000000749	-7.215802066662143
1512.7360000000754	-7.094115514067987
1512.754000000076	-7.008952622434778
1512.7720000000766	-6.960357934010213
1512.790000000077	-6.939925610796871
1512.8080000000775	-6.934646951370001
1512.826000000078	-6.930711003015856
1512.8440000000785	-6.916228159001697
1512.862000000079	-6.882648773118163
1512.8800000000795	-6.825156690927384
1512.89800000008	-6.742447657005121
1512.9160000000804	-6.636217274532774
1512.934000000081	-6.510546925143464
1512.9520000000814	-6.37127054391449
1512.9700000000819	-6.225348923448555
1512.9880000000824	-6.0802622435278515
1513.0060000000828	-5.9434391738301
1513.0240000000833	-5.821754914007413
1513.0420000000838	-5.721135942275958
1513.0600000000843	-5.646297264685451
1513.078000000085	-5.600610138379624
1513.0960000000855	-5.5860667476810235
1513.114000000086	-5.603289851030216
1513.1320000000865	-5.651541325843584
1513.150000000087	-5.728712346563647
1513.1680000000874	-5.831315499303745
1513.186000000088	-5.9545264114576995
1513.2040000000884	-6.092326174418018
1513.2220000000889	-6.237775692788504
1513.2400000000894	-6.383421263065685
1513.2580000000899	-6.521803861374482
1513.2760000000903	-6.6460342159335255
1513.2940000000908	-6.750402334344749
1513.3120000000913	-6.8310042673994475
1513.3300000000918	-6.886375222023227
1513.3480000000923	-6.918099359041583
1513.3660000000928	-6.931306366175608
1513.3840000000935	-6.934855445362336
1513.402000000094	-6.940871067146341
1513.4200000000944	-6.963220432172751
1513.438000000095	-7.014679760298956
1513.4560000000954	-7.103078165677978
1513.4740000000959	-7.227516931667929
1513.4920000000964	-7.376298277043832
1513.5100000000969	-7.527920936530455
1513.5280000000973	-7.65571515385012
1513.5460000000978	-7.7367215575865504
1513.5640000000983	-7.767670801052395
1513.5820000000988	-7.795172582496992
1513.6000000000993	-7.964938441843148
1513.6180000000998	-8.55061205110983
1513.6360000001002	-9.827474083869571
1513.6540000001007	-11.799887281059164
1513.6720000001012	-14.189672911833014
1513.6900000001017	-16.705490657640524
1513.7080000001024	-19.180020966369632
1513.7260000001029	-21.54502917573483
1513.7440000001034	-23.78211343737959
1513.7620000001039	-25.893417872537768
1513.7800000001043	-27.888279152138722
1513.7980000001048	-29.77774233493573
1513.8160000001053	-31.572475412525442
1513.8340000001058	-33.28208114862115
1513.8520000001063	-34.91496355047888
1513.8700000001068	-36.47840061575538
1513.8880000001072	-37.97868115346867
1513.9060000001077	-39.421249375485075
1513.9240000001082	-40.81083675020014
1513.9420000001087	-42.15157534542821
1513.9600000001092	-43.4470927030291
1513.9780000001097	-44.700590331514164
1513.9960000001101	-45.914908384749765
1514.0140000001109	-47.09257896788987
1514.0320000001113	-48.235870183292455
1514.0500000001118	-49.34682266799594
1514.0680000001123	-50.42728004443287
1514.0860000001128	-51.47891442660773
1514.1040000001133	-52.503247895716484
1514.1220000001138	-53.50167067622798
1514.1400000001142	-54.475456598110206
1514.1580000001147	-55.42577631588471
1514.1760000001152	-56.3537086642545
1514.1940000001157	-57.26025045802015
1514.2120000001162	-58.1463249867985
1514.2300000001167	-59.01278940947137
1514.2480000001171	-59.86044121678988
1514.2660000001176	-60.69002390125583
1514.284000000118	-61.50223194969779
1514.3020000001186	-62.29771525476308
1514.320000000119	-63.07708302588726
1514.3380000001198	-63.84090726748822
1514.3560000001203	-64.58972588159108
1514.3740000001208	-65.324045443387
1514.3920000001212	-66.04434369100926
1514.4100000001217	-66.75107176479204
1514.4280000001222	-67.44465622625646
1514.4460000001227	-68.12550088283365
1514.4640000001232	-68.7939884407899
1514.4820000001237	-69.45048200580149
1514.5000000001241	-70.09532644807167
1514.5180000001246	-70.72884964671529
1514.5360000001251	-71.35136362626854
1514.5540000001256	-71.96316559659573
1514.572000000126	-72.56453890609122
1514.5900000001266	-73.15575391689542
1514.608000000127	-73.73706880982341
1514.6260000001275	-74.30873032581728
1514.6440000001282	-74.87097444996563
1514.6620000001287	-75.4240270434613
1514.6800000001292	-75.96810442828344
1514.6980000001297	-76.50341392887535
1514.7160000001302	-77.03015437463866
1514.7340000001307	-77.54851656667036
1514.7520000001311	-78.05868371181533
1514.7700000001316	-78.56083182680005
1514.7880000001321	-79.05513011494273
1514.8060000001326	-79.5417413176837
1514.824000000133	-80.02082204297507
1514.8420000001336	-80.49252307236644
1514.860000000134	-80.95698964845914
1514.8780000001345	-81.41436174424527
1514.896000000135	-81.8647743157087
1514.9140000001355	-82.30835753894745
1514.932000000136	-82.74523703296047
1514.9500000001365	-83.175534069148
1514.9680000001372	-83.5993657684795
1514.9860000001377	-84.01684528720794
1515.0040000001381	-84.42808199193192
1515.0220000001386	-84.8331816247431
1515.0400000001391	-85.23224645913722
1515.0580000001396	-85.6253754473098
1515.07600000014	-86.01266435941241
1515.0940000001406	-86.39420591529631
1515.112000000141	-86.77008990923338
1515.1300000001415	-87.1404033280639
1515.148000000142	-87.50523046318877
1515.1660000001425	-87.86465301679101
1515.184000000143	-88.21875020264527
1515.2020000001435	-88.56759884184564
1515.220000000144	-88.91127345376017
1515.2380000001444	-89.24984634249655
1515.256000000145	-89.58338767914634
1515.2740000001456	-89.91196558005285
1515.2920000001461	-90.23564618133483
1515.3100000001466	-90.55449370987753
1515.328000000147	-90.86857055099529
1515.3460000001476	-91.17793731294728
1515.364000000148	-91.48265288848509
1515.3820000001485	-91.78277451359276
1515.400000000149	-92.07835782357152
1515.4180000001495	-92.36945690661372
1515.43600000015	-92.65612435499699
1515.4540000001505	-92.93841131402637
1515.472000000151	-93.21636752883941
1515.4900000001514	-93.49004138918686
1515.508000000152	-93.75947997229028
1515.5260000001524	-94.02472908387466
1515.544000000153	-94.28583329746836
1515.5620000001534	-94.54283599205363
1515.5800000001539	-94.79577938815251
1515.5980000001546	-95.04470458242
1515.616000000155	-95.28965158081994
1515.6340000001555	-95.53065933044876
1515.652000000156	-95.76776575007224
1515.6700000001565	-96.00100775943488
1515.688000000157	-96.23042130739901
1515.7060000001575	-96.45604139896702
1515.724000000158	-96.6779021212376
1515.7420000001584	-96.89603666834445
1515.760000000159	-97.11047736542154
1515.7780000001594	-97.32125569163924
1515.79600000016	-97.52840230235097
1515.8140000001604	-97.73194705038911
1515.8320000001609	-97.93191900654713
1515.8500000001613	-98.12834647928149
1515.8680000001618	-98.32125703366663
1515.8860000001623	-98.51067750963466
1515.904000000163	-98.69663403952744
1515.9220000001635	-98.87915206499132
1515.940000000164	-99.05825635323914
1515.9580000001645	-99.23397101270578
1515.976000000165	-99.40631950812059
1515.9940000001654	-99.57532467502
1516.012000000166	-99.74100873372169
1516.0300000001664	-99.90339330278022
1516.048000000167	-100.06249941194523
1516.0660000001674	-100.2183475146388
1516.0840000001679	-100.37095749997155
1516.1020000001683	-100.52034870431262
1516.1200000001688	-100.66653992243096
1516.1380000001693	-100.8095494182222
1516.1560000001698	-100.94939493503603
1516.1740000001703	-101.08609370561763
1516.1920000001708	-101.21966246167662
1516.2100000001712	-101.35011744309583
1516.228000000172	-101.47747440679163
1516.2460000001724	-101.6017486352377
1516.264000000173	-101.72295494466223
1516.2820000001734	-101.84110769292968
1516.300000000174	-101.95622078711638
1516.3180000001744	-102.0683076907892
1516.3360000001749	-102.17738143099659
1516.3540000001753	-102.28345460497984
1516.3720000001758	-102.38653938661332
1516.3900000001763	-102.48664753258049
1516.4080000001768	-102.58379038829364
1516.4260000001773	-102.6779788935636
1516.4440000001778	-102.76922358802678
1516.4620000001783	-102.85753461633462
1516.4800000001787	-102.94292173311263
1516.4980000001792	-103.02539430769338
1516.5160000001797	-103.10496132862953
1516.5340000001804	-103.1816314079916
1516.552000000181	-103.25541278545518
1516.5700000001814	-103.32631333218202
1516.5880000001819	-103.39434055449935
1516.6060000001823	-103.45950159738109
1516.6240000001828	-103.52180324773492
1516.6420000001833	-103.58125193749864
1516.6600000001838	-103.63785374654866
1516.6780000001843	-103.6916144054244
1516.6960000001848	-103.74253929787058
1516.7140000001853	-103.79063346320049
1516.7320000001857	-103.83590159848255
1516.7500000001862	-103.87834806055209
1516.7680000001867	-103.91797686785075
1516.7860000001872	-103.95479170209491
1516.8040000001877	-103.98879590977475
1516.8220000001882	-104.01999250348581
1516.8400000001886	-104.04838416309363
1516.8580000001893	-104.07397323673305
1516.8760000001898	-104.09676174164254
1516.8940000001903	-104.11675136483481
1516.9120000001908	-104.13394346360347
1516.9300000001913	-104.14833906586686
1516.9480000001918	-104.15993887034845
1516.9660000001923	-104.1687432465943
1516.9840000001927	-104.17475223482697
1517.0020000001932	-104.17796554563589
1517.0200000001937	-104.17838255950312
1517.0380000001942	-104.17600232616417
1517.0560000001947	-104.17082356380261
1517.0740000001952	-104.16284465807752
1517.0920000001956	-104.1520636609824
1517.1100000001961	-104.13847828953395
1517.1280000001966	-104.12208592428914
1517.146000000197	-104.10288360768848
1517.1640000001978	-104.08086804222343
1517.1820000001983	-104.05603558842586
1517.2000000001988	-104.02838226267647
1517.2180000001993	-103.99790373483009
1517.2360000001997	-103.96459532565414
1517.2540000002002	-103.92845200407776
1517.2720000002007	-103.88946838424755
1517.2900000002012	-103.84763872238648
1517.3080000002017	-103.80295691345209
1517.3260000002022	-103.75541648758954
1517.3440000002026	-103.70501060637507
1517.3620000002031	-103.6517320588452
1517.3800000002036	-103.59557325730661
1517.398000000204	-103.53652623292076
1517.4160000002046	-103.47458263105855
1517.434000000205	-103.40973370641802
1517.4520000002055	-103.34197031789924
1517.4700000002063	-103.27128292322946
1517.4880000002067	-103.19766157333147
1517.5060000002072	-103.12109590642751
1517.5240000002077	-103.04157514187095
1517.5420000002082	-102.95908807369712
1517.5600000002087	-102.87362306388479
1517.5780000002092	-102.78516803531897
1517.5960000002096	-102.69371046444445
1517.6140000002101	-102.5992373736012
1517.6320000002106	-102.50173532302917
1517.650000000211	-102.40119040253208
1517.6680000002116	-102.29758822278775
1517.686000000212	-102.19091390629211
1517.7040000002125	-102.08115207792348
1517.722000000213	-101.9682868551135
1517.7400000002135	-101.85230183760876
1517.758000000214	-101.73318009680848
1517.7760000002145	-101.61090416466112
1517.7940000002152	-101.48545602210214
1517.8120000002157	-101.35681708701537
1517.8300000002162	-101.22496820169773
1517.8480000002166	-101.08988961980734
1517.8660000002171	-100.95156099277273
1517.8840000002176	-100.80996135564126
1517.902000000218	-100.66506911234156
1517.9200000002186	-100.51686202033508
1517.938000000219	-100.36531717463
1517.9560000002195	-100.2104109911281
1517.97400000022	-100.05211918927587
1517.9920000002205	-99.89041677398615
1518.010000000221	-99.72527801679853
1518.0280000002215	-99.55667643624118
1518.046000000222	-99.38458477735692
1518.0640000002224	-99.20897499035335
1518.082000000223	-99.02981820833492
1518.1000000002236	-98.84708472407013
1518.1180000002241	-98.66074396574838
1518.1360000002246	-98.47076447167352
1518.154000000225	-98.27711386384047
1518.1720000002256	-98.07975882033838
1518.190000000226	-97.87866504651745
1518.2080000002265	-97.67379724485559
1518.226000000227	-97.46511908345467
1518.2440000002275	-97.2525931630928
1518.262000000228	-97.03618098275322
1518.2800000002285	-96.81584290354641
1518.298000000229	-96.59153811093336
1518.3160000002295	-96.3632245751571
1518.33400000023	-96.13085900977622
1518.3520000002304	-95.89439682819183
1518.370000000231	-95.65379209805074
1518.3880000002314	-95.40899749339587
1518.4060000002319	-95.159964244431
1518.4240000002326	-94.90664208475138
1518.442000000233	-94.64897919588623
1518.4600000002335	-94.38692214898141
1518.478000000234	-94.12041584344452
1518.4960000002345	-93.84940344235295
1518.514000000235	-93.57382630441742
1518.5320000002355	-93.29362391227114
1518.550000000236	-93.00873379683816
1518.5680000002365	-92.71909145751735
1518.586000000237	-92.42463027789002
1518.6040000002374	-92.12528143664116
1518.622000000238	-91.82097381335383
1518.6400000002384	-91.51163388880835
1518.6580000002389	-91.19718563938461
1518.6760000002394	-90.8775504251318
1518.6940000002398	-90.55264687102822
1518.7120000002403	-90.22239074091088
1518.730000000241	-89.88669480350839
1518.7480000002415	-89.54546868995143
1518.766000000242	-89.1986187420822
1518.7840000002425	-88.84604785081117
1518.802000000243	-88.48765528369951
1518.8200000002435	-88.12333650086055
1518.838000000244	-87.75298295818175
1518.8560000002444	-87.37648189676213
1518.874000000245	-86.9937161173481
1518.8920000002454	-86.60456373841183
1518.9100000002459	-86.20889793637575
1518.9280000002464	-85.80658666631277
1518.9460000002468	-85.39749236126579
1518.9640000002473	-84.98147160811504
1518.9820000002478	-84.55837479767553
1519.0000000002483	-84.12804574643079
1519.0180000002488	-83.69032128699104
1519.0360000002493	-83.24503082400227
1519.05400000025	-82.79199585181246
1519.0720000002505	-82.33102942973206
1519.090000000251	-81.86193561016508
1519.1080000002514	-81.38450881425902
1519.126000000252	-80.89853314898556
1519.1440000002524	-80.40378165870436
1519.1620000002529	-79.90001550327923
1519.1800000002534	-79.3869830536438
1519.1980000002538	-78.86441889437012
1519.2160000002543	-78.332042721189
1519.2340000002548	-77.78955811954683
1519.2520000002553	-77.23665120805921
1519.2700000002558	-76.67298912811009
1519.2880000002563	-76.09821835771862
1519.3060000002567	-75.51196282408563
1519.3240000002572	-74.91382178478923
1519.3420000002577	-74.3033674422546
1519.3600000002584	-73.68014224970729
1519.378000000259	-73.04365585904631
1519.3960000002594	-72.39338165165742
1519.4140000002599	-71.72875278172455
1519.4320000002604	-71.04915764760206
1519.4500000002608	-70.35393468966916
1519.4680000002613	-69.64236639202603
1519.4860000002618	-68.91367233945316
1519.5040000002623	-68.16700114902477
1519.5220000002628	-67.40142105618938
1519.5400000002633	-66.61590888618584
1519.5580000002637	-65.80933708123099
1519.5760000002642	-64.9804583796141
1519.5940000002647	-64.1278876521645
1519.6120000002652	-63.25008029253794
1519.6300000002657	-62.34530643001758
1519.6480000002662	-61.411620090749935
1519.6660000002666	-60.44682228862547
1519.6840000002674	-59.44841691313316
1519.7020000002678	-58.41355827280337
1519.7200000002683	-57.33898940922903
1519.7380000002688	-56.220971155984635
1519.7560000002693	-55.05520408842067
1519.7740000002698	-53.836750488915015
1519.7920000002703	-52.55997441390256
1519.8100000002707	-51.218541717103044
1519.8280000002712	-49.80557325198401
1519.8460000002717	-48.314155565959354
1519.8640000002722	-46.738652573836426
1519.8820000002727	-45.07776384321993
1519.9000000002732	-43.341244545313614
1519.9180000002737	-41.56361417457228
1519.9360000002741	-39.82801652725605
1519.9540000002746	-38.29230622998842
1519.972000000275	-37.17267733580034
1519.9900000002758	-36.62416569919775
1520.0080000002763	-36.60317842293972
1520.0260000002768	-36.909970262235696
1520.0440000002773	-37.343987847980124
1520.0620000002777	-37.77953567470163
1520.0800000002782	-38.15668453176568
1520.0980000002787	-38.4534275082156
1520.1160000002792	-38.666017679495035
1520.1340000002797	-38.7985627771528
1520.1520000002802	-38.858113697490694
1520.1700000002807	-38.85249658206068
1520.1880000002811	-38.789430906746176
1520.2060000002816	-38.67623337876737
1520.224000000282	-38.51978214805286
1520.2420000002826	-38.32659135394229
1520.260000000283	-38.10292656921637
1520.2780000002836	-37.85492787954473
1520.296000000284	-37.58872259911244
1520.3140000002848	-37.31051481368609
1520.3320000002852	-37.02663931748267
1520.3500000002857	-36.74356606798766
1520.3680000002862	-36.46784034867817
1520.3860000002867	-36.205945704604126
1520.4040000002872	-35.964083597247864
1520.4220000002877	-35.74787690851147
1520.4400000002881	-35.56202298227152
1520.4580000002886	-35.409941559455305
1520.476000000289	-35.29347644250396
1520.4940000002896	-35.2127093555276
1520.51200000029	-35.1659265866346
1520.5300000002906	-35.14974733232866
1520.548000000291	-35.159387699956554
1520.5660000002915	-35.189008279847826
1520.584000000292	-35.23208377756418
1520.6020000002925	-35.2817404210643
1520.6200000002932	-35.33102460080764
1520.6380000002937	-35.37308645924322
1520.6560000002942	-35.40127884067512
1520.6740000002947	-35.40918251656255
1520.6920000002951	-35.39057322959154
1520.7100000002956	-35.33934677748972
1520.728000000296	-35.2494175125968
1520.7460000002966	-35.11460577149585
1520.764000000297	-34.92853378891014
1520.7820000002976	-34.68456210338005
1520.800000000298	-34.37582792360325
1520.8180000002985	-33.995511081132925
1520.836000000299	-33.5375886076358
1520.8540000002995	-32.99861759182619
1520.8720000003	-32.38162821633027
1520.8900000003005	-31.704108880627775
1520.908000000301	-31.012831793401308
1520.9260000003014	-30.405637980914022
1520.9440000003021	-30.0447710006203
1520.9620000003026	-30.116150376115677
1520.980000000303	-30.711436872116455
1520.9980000003036	-31.74759571814812
1521.016000000304	-33.04030146978598
1521.0340000003046	-34.42414825941456
1521.052000000305	-35.79778629768771
1521.0700000003055	-37.1120871183382
1521.088000000306	-38.34816548360415
1521.1060000003065	-39.502095800543906
1521.124000000307	-40.576601445656344
1521.1420000003075	-41.576969830371354
1521.160000000308	-42.50915458003615
1521.1780000003084	-43.37894268893598
1521.196000000309	-44.19162535903293
1521.2140000003094	-44.95190119961316
1521.2320000003099	-45.663882276543305
1521.2500000003106	-46.331141709541484
1521.268000000311	-46.95677424856487
1521.2860000003116	-47.54345698074826
1521.304000000312	-48.09350484609418
1521.3220000003125	-48.60891919495184
1521.340000000313	-49.091429241944866
1521.3580000003135	-49.54252695353982
1521.376000000314	-49.9634961388254
1521.3940000003145	-50.355436536532416
1521.412000000315	-50.719283624556404
1521.4300000003154	-51.05582477874334
1521.448000000316	-51.36571230227803
1521.4660000003164	-51.64947374720286
1521.4840000003169	-51.907519859295306
1521.5020000003174	-52.14015039706584
1521.5200000003179	-52.347558003494015
1521.5380000003183	-52.529830243097166
1521.5560000003188	-52.68694985440037
1521.5740000003195	-52.81879320591442
1521.59200000032	-52.925126879158654
1521.6100000003205	-53.00560223130661
1521.628000000321	-53.05974770821169
1521.6460000003215	-53.08695858009722
1521.664000000322	-53.08648364952104
1521.6820000003224	-53.057408323977285
1521.700000000323	-52.99863323926809
1521.7180000003234	-52.908847343924
1521.7360000003239	-52.78649397962627
1521.7540000003244	-52.62972797355233
1521.7720000003249	-52.4363610295918
1521.7900000003253	-52.20379166523507
1521.8080000003258	-51.928914432553135
1521.8260000003263	-51.60800093688771
1521.8440000003268	-51.23654182652189
1521.8620000003273	-50.80903381720279
1521.880000000328	-50.31868784879285
1521.8980000003285	-49.757021810561525
1521.916000000329	-49.11328079553853
1521.9340000003294	-48.373594311383926
1521.95200000033	-47.51972499749058
1521.9700000003304	-46.52717686866497
1521.9880000003309	-45.362315321443134
1522.0060000003314	-43.97811254969912
1522.0240000003319	-42.30889853548865
1522.0420000003323	-40.270450633351594
1522.0600000003328	-37.80933673310847
1522.0780000003333	-35.24505689565722
1522.0960000003338	-34.26480078384148
1522.1140000003343	-36.10204781975266
1522.1320000003348	-38.79896251590225
1522.1500000003352	-41.194475322814796
1522.1680000003357	-43.16807534885057
1522.1860000003362	-44.795724393789484
1522.204000000337	-46.15549803488945
1522.2220000003374	-47.30505351944554
1522.240000000338	-48.2849284187547
1522.2580000003384	-49.12362475688242
1522.2760000003389	-49.84134590468482
1522.2940000003393	-50.45245783249222
1522.3120000003398	-50.96707281952586
1522.3300000003403	-51.39205995460104
1522.3480000003408	-51.73167536024123
1522.3660000003413	-51.98792654693876
1522.3840000003418	-52.16073351075983
1522.4020000003422	-52.247912902907956
1522.4200000003427	-52.244981714712786
1522.4380000003432	-52.144745691063164
1522.4560000003437	-51.936596590679194
1522.4740000003442	-51.60537939182738
1522.4920000003447	-51.129586687762824
1522.5100000003454	-50.47846692301782
1522.5280000003459	-49.60739408752165
1522.5460000003463	-48.45080625718936
1522.5640000003468	-46.91439012056685
1522.5820000003473	-44.88904085224547
1522.6000000003478	-42.46003538662009
1522.6180000003483	-41.03454478308131
1522.6360000003488	-42.98091381911356
1522.6540000003492	-46.406261462719456
1522.6720000003497	-49.524083223043476
1522.6900000003502	-52.144690387857906
1522.7080000003507	-54.37237172846943
1522.7260000003512	-56.30812627929452
1522.7440000003517	-58.023702879712324
1522.7620000003521	-59.568617556042526
1522.7800000003526	-60.97766036402015
1522.798000000353	-62.275944485004764
1522.8160000003538	-63.482093904501156
1522.8340000003543	-64.61026428741751
1522.8520000003548	-65.67145215039861
1522.8700000003553	-66.6743650907966
1522.8880000003558	-67.62601520917123
1522.9060000003562	-68.53213356603308
1522.9240000003567	-69.39746604951098
1522.9420000003572	-70.22598881997038
1522.9600000003577	-71.02106803472749
1522.9780000003582	-71.78558020368135
1522.9960000003587	-72.52200422588456
1523.0140000003591	-73.23249271963276
1523.0320000003596	-73.91892798410217
1523.0500000003601	-74.58296639706225
1523.0680000003606	-75.2260740011609
1523.086000000361	-75.84955529787288
1523.1040000003616	-76.45457674924691
1523.122000000362	-77.04218611525839
1523.1400000003628	-77.61332848401615
1523.1580000003632	-78.1688596530879
1523.1760000003637	-78.70955737224429
1523.1940000003642	-79.23613084673372
1523.2120000003647	-79.74922881585053
1523.2300000003652	-80.24944645696108
1523.2480000003657	-80.73733131528013
1523.2660000003661	-81.2133884208623
1523.2840000003666	-81.67808472381482
1523.3020000003671	-82.13185295468301
1523.3200000003676	-82.57509499782343
1523.338000000368	-83.00818485026171
1523.3560000003686	-83.43147122620407
1523.374000000369	-83.84527985737485
1523.3920000003695	-84.24991553122658
1523.41000000037	-84.64566390240276
1523.4280000003705	-85.03279310736181
1523.4460000003712	-85.41155520753925
1523.4640000003717	-85.78218748267054
1523.4820000003722	-86.14491359276032
1523.5000000003727	-86.49994462456006
1523.5180000003731	-86.84748003621402
1523.5360000003736	-87.18770851186783
1523.5540000003741	-87.52080873646386
1523.5720000003746	-87.8469500996045
1523.590000000375	-88.16629333622507
1523.6080000003756	-88.47899111084482
1523.626000000376	-88.78518855132
1523.6440000003765	-89.08502373731142
1523.662000000377	-89.37862814805004
1523.6800000003775	-89.66612707345077
1523.698000000378	-89.94763999215509
1523.7160000003785	-90.22328091967952
1523.734000000379	-90.49315872949192
1523.7520000003794	-90.7573774495275
1523.7700000003802	-91.01603653638833
1523.7880000003806	-91.2692311292275
1523.8060000003811	-91.51705228511554
1523.8240000003816	-91.75958719749657
1523.842000000382	-91.99691939918274
1523.8600000003826	-92.22912895118908
1523.878000000383	-92.45629261858234
1523.8960000003835	-92.67848403440603
1523.914000000384	-92.89577385263976
1523.9320000003845	-93.10822989106292
1523.950000000385	-93.31591726480985
1523.9680000003855	-93.51889851133376
1523.986000000386	-93.71723370743015
1524.0040000003864	-93.9109805789135
1524.022000000387	-94.10019460348784
1524.0400000003874	-94.28492910730539
1524.058000000388	-94.4652353556654
1524.0760000003886	-94.64116263826637
1524.094000000389	-94.81275834938977
1524.1120000003896	-94.98006806336431
1524.13000000039	-95.14313560562785
1524.1480000003905	-95.30200311968224
1524.166000000391	-95.45671113020936
1524.1840000003915	-95.60729860259784
1524.202000000392	-95.75380299910925
1524.2200000003925	-95.89626033189481
1524.238000000393	-96.03470521305863
1524.2560000003934	-96.1691709019472
1524.274000000394	-96.2996893498321
1524.2920000003944	-96.42629124214037
1524.310000000395	-96.54900603837604
1524.3280000003954	-96.66786200986448
1524.3460000003959	-96.78288627544333
1524.3640000003963	-96.89410483521394
1524.3820000003968	-97.0015426024587
1524.4000000003975	-97.10522343382377
1524.418000000398	-97.20517015785738
1524.4360000003985	-97.30140460198993
1524.454000000399	-97.39394761803432
1524.4720000003995	-97.48281910627996
1524.4900000004	-97.56803803824981
1524.5080000004004	-97.64962247818289
1524.526000000401	-97.72758960330302
1524.5440000004014	-97.8019557229276
1524.562000000402	-97.87273629646934
1524.5800000004024	-97.93994595037695
1524.5980000004029	-98.00359849406101
1524.6160000004033	-98.0637069348454
1524.6340000004038	-98.12028349198275
1524.6520000004043	-98.17333960977024
1524.6700000004048	-98.22288596979787
1524.6880000004053	-98.268932502361
1524.706000000406	-98.31148839706474
1524.7240000004065	-98.35056211264666
1524.742000000407	-98.38616138604215
1524.7600000004074	-98.41829324071446
1524.778000000408	-98.44696399427029
1524.7960000004084	-98.4721792653786
1524.814000000409	-98.49394398001107
1524.8320000004094	-98.5122623770178
1524.8500000004099	-98.52713801305407
1524.8680000004103	-98.53857376686862
1524.8860000004108	-98.54657184296578
1524.9040000004113	-98.55113377465037
1524.9220000004118	-98.55226042646338
1524.9400000004123	-98.5499519960159
1524.9580000004128	-98.54420801522684
1524.9760000004133	-98.53502735096777
1524.9940000004137	-98.52240820512
1525.0120000004142	-98.50634811404369
1525.030000000415	-98.48684394746132
1525.0480000004154	-98.4638919067543
1525.066000000416	-98.43748752267098
1525.0840000004164	-98.40762565244381
1525.1020000004169	-98.37430047631074
1525.1200000004173	-98.33750549343621
1525.1380000004178	-98.29723351722522
1525.1560000004183	-98.25347667002232
1525.1740000004188	-98.2062263771866
1525.1920000004193	-98.15547336053237
1525.2100000004198	-98.10120763112444
1525.2280000004203	-98.04341848141345
1525.2460000004207	-97.98209447669865
1525.2640000004212	-97.91722344590015
1525.2820000004217	-97.84879247162527
1525.3000000004222	-97.7767878795077
1525.3180000004227	-97.70119522680069
1525.3360000004234	-97.62199929019994
1525.3540000004239	-97.53918405287364
1525.3720000004244	-97.45273269067144
1525.3900000004248	-97.36262755748587
1525.4080000004253	-97.26885016973456
1525.4260000004258	-97.17138118993083
1525.4440000004263	-97.07020040930777
1525.4620000004268	-96.96528672945811
1525.4800000004273	-96.8566181429493
1525.4980000004277	-96.74417171287061
1525.5160000004282	-96.62792355126639
1525.5340000004287	-96.50784879640547
1525.5520000004292	-96.38392158883404
1525.5700000004297	-96.25611504615503
1525.5880000004302	-96.12440123647319
1525.6060000004306	-95.98875115044173
1525.6240000004311	-95.84913467183915
1525.6420000004316	-95.70552054660423
1525.6600000004323	-95.55787635024683
1525.6780000004328	-95.40616845355105
1525.6960000004333	-95.25036198647756
1525.7140000004338	-95.09042080016819
1525.7320000004343	-94.92630742694571
1525.7500000004347	-94.75798303819755
1525.7680000004352	-94.58540740001919
1525.7860000004357	-94.40853882648992
1525.8040000004362	-94.22733413043679
1525.8220000004367	-94.04174857153788
1525.8400000004372	-93.85173580160105
1525.8580000004376	-93.6572478068422
1525.8760000004381	-93.45823484697422
1525.8940000004386	-93.25464539090086
1525.912000000439	-93.04642604879574
1525.9300000004396	-92.8335215003261
1525.94800000044	-92.61587441876252
1525.9660000004408	-92.39342539069538
1525.9840000004413	-92.16611283105094
1526.0020000004417	-91.9338728930795
1526.0200000004422	-91.69663937295326
1526.0380000004427	-91.45434360858627
1526.0560000004432	-91.2069143722467
1526.0740000004437	-90.95427775650032
1526.0920000004442	-90.69635705297432
1526.1100000004446	-90.43307262339036
1526.1280000004451	-90.16434176225536
1526.1460000004456	-89.89007855054771
1526.164000000446	-89.61019369966537
1526.1820000004466	-89.32459438483329
1526.200000000447	-89.03318406708584
1526.2180000004475	-88.73586230284803
1526.236000000448	-88.43252454003989
1526.2540000004485	-88.12306189951151
1526.272000000449	-87.8073609404914
1526.2900000004497	-87.48530340858366
1526.3080000004502	-87.15676596468785
1526.3260000004507	-86.82161989303034
1526.3440000004512	-86.47973078628826
1526.3620000004516	-86.13095820554834
1526.3800000004521	-85.77515531257538
1526.3980000004526	-85.41216847155471
1526.416000000453	-85.04183681712382
1526.4340000004536	-84.66399178510613
1526.452000000454	-84.27845660189374
1526.4700000004545	-83.88504572790168
1526.488000000455	-83.48356424989404
1526.5060000004555	-83.07380721628171
1526.524000000456	-82.65555890866203
1526.5420000004565	-82.22859204192254
1526.560000000457	-81.79266688410908
1526.5780000004575	-81.34753028596339
1526.5960000004582	-80.89291460850572
1526.6140000004586	-80.42853653524695
1526.6320000004591	-79.95409575349514
1526.6500000004596	-79.46927348672426
1526.66800000046	-78.97373085700332
1526.6860000004606	-78.46710705295017
1526.704000000461	-77.94901727445578
1526.7220000004615	-77.4190504203728
1526.740000000462	-76.87676647928382
1526.7580000004625	-76.32169357613768
1526.776000000463	-75.75332461867356
1526.7940000004635	-75.17111347678917
1526.812000000464	-74.57447061488529
1526.8300000004645	-73.96275808120608
1526.848000000465	-73.33528373854834
1526.8660000004654	-72.6912945966103
1526.884000000466	-72.02996907655736
1526.9020000004664	-71.35040800183125
1526.920000000467	-70.65162406417267
1526.9380000004676	-69.9325294584268
1526.956000000468	-69.19192131186674
1526.9740000004685	-68.42846445139946
1526.992000000469	-67.64067095352831
1527.0100000004695	-66.826875807275
1527.02800000047	-65.98520789324816
1527.0460000004705	-65.11355535489129
1527.064000000471	-64.20952434074735
1527.0820000004715	-63.27039009605532
1527.100000000472	-62.2930396200489
1527.1180000004724	-61.273905877885326
1527.136000000473	-60.20889547745881
1527.1540000004734	-59.09331607062508
1527.1720000004739	-57.92181920177161
1527.1900000004744	-56.68839460480286
1527.2080000004748	-55.38649525198484
1527.2260000004756	-54.0094649910807
1527.244000000476	-52.55163768646379
1527.2620000004765	-51.010887790412546
1527.280000000477	-49.39421104173431
1527.2980000004775	-47.7291515717595
1527.316000000478	-46.0842962165541
1527.3340000004785	-44.59497212376245
1527.352000000479	-43.46175278650069
1527.3700000004794	-42.86099856369151
1527.38800000048	-42.802185998391266
1527.4060000004804	-43.11884932412538
1527.4240000004809	-43.607289664499746
1527.4420000004814	-44.12533554007908
1527.4600000004818	-44.59944257730075
1527.4780000004823	-44.99950814262444
1527.4960000004828	-45.31752730676824
1527.5140000004833	-45.55547333257651
1527.532000000484	-45.71934442351291
1527.5500000004845	-45.81644607999329
1527.568000000485	-45.85423290373669
1527.5860000004855	-45.83987626342608
1527.604000000486	-45.7801624750733
1527.6220000004864	-45.681536632667594
1527.640000000487	-45.550205462935914
1527.6580000004874	-45.39225754364711
1527.6760000004879	-45.21377889725353
1527.6940000004884	-45.0209494207061
1527.7120000004888	-44.82010712818257
1527.7300000004893	-44.617766188833826
1527.7480000004898	-44.420573678217806
1527.7660000004903	-44.23519112875647
1527.7840000004908	-44.06809261257899
1527.8020000004913	-43.925282803865585
1527.8200000004917	-43.811955951750946
1527.8380000004922	-43.73213654250999
1527.856000000493	-43.688357998169735
1527.8740000004934	-43.68143923082205
1527.892000000494	-43.71040532338099
1527.9100000004944	-43.7725698526355
1527.9280000004949	-43.86376145836109
1527.9460000004954	-43.97864839871211
1527.9640000004958	-44.111101131797525
1527.9820000004963	-44.25453632558941
1528.0000000004968	-44.402201251088734
1528.0180000004973	-44.54737743937312
1528.0360000004978	-44.68350010170848
1528.0540000004983	-44.80420167371037
1528.0720000004987	-44.903293627302496
1528.0900000004992	-44.97470197956049
1528.1080000004997	-45.01237098635631
1528.1260000005002	-45.010148679909754
1528.1440000005007	-44.961669698790374
1528.1620000005014	-44.86025879056204
1528.1800000005019	-44.69889889139458
1528.1980000005024	-44.47035410496075
1528.2160000005028	-44.16763841000905
1528.2340000005033	-43.78523412078764
1528.2520000005038	-43.32190204018974
1528.2700000005043	-42.786748624942376
1528.2880000005048	-42.211377131042426
1528.3060000005053	-41.67078532955343
1528.3240000005057	-41.30677669720474
1528.3420000005062	-41.31784027554255
1528.3600000005067	-41.86111870275289
1528.3780000005072	-42.922312469918296
1528.3960000005077	-44.32916123893002
1528.4140000005082	-45.88770988256091
1528.4320000005087	-47.466604179990895
1528.4500000005091	-48.9986246675205
1528.4680000005096	-50.45634995878452
1528.4860000005103	-51.83250653911368
1528.5040000005108	-53.12888209814626
1528.5220000005113	-54.35084937792189
1528.5400000005118	-55.50483412187381
1528.5580000005123	-56.59720862367871
1528.5760000005127	-57.63385174741983
1528.5940000005132	-58.62001270449674
1528.6120000005137	-59.56030804104373
1528.6300000005142	-60.458772355676835
1528.6480000005147	-61.3189262487376
1528.6660000005152	-62.143845305910766
1528.6840000005157	-62.936223484629195
1528.7020000005161	-63.698428720943554
1528.7200000005166	-64.43255057465747
1528.738000000517	-65.14044056053203
1528.7560000005176	-65.82374609195048
1528.774000000518	-66.48393899113985
1528.7920000005188	-67.12233944244387
1528.8100000005193	-67.74013615162265
1528.8280000005198	-68.33840335666123
1528.8460000005202	-68.918115227612
1528.8640000005207	-69.48015809925076
1528.8820000005212	-70.02534090136385
1528.9000000005217	-70.55440408608844
1528.9180000005222	-71.0680272981085
1528.9360000005227	-71.56683598975289
1528.9540000005231	-72.05140714744121
1528.9720000005236	-72.52227426695542
1528.990000000524	-72.97993169142323
1529.0080000005246	-73.42483840667099
1529.026000000525	-73.85742137287711
1529.0440000005256	-74.27807845857414
1529.062000000526	-74.6871810324477
1529.0800000005265	-75.08507625965495
1529.098000000527	-75.47208914215614
1529.1160000005277	-75.84852433655533
1529.1340000005282	-76.21466777795777
1529.1520000005287	-76.57078813417638
1529.1700000005292	-76.91713811112866
1529.1880000005297	-77.25395562732106
1529.2060000005301	-77.58146487284253
1529.2240000005306	-77.89987726619015
1529.242000000531	-78.20939232046751
1529.2600000005316	-78.51019842898344
1529.278000000532	-78.80247357898175
1529.2960000005326	-79.08638600112792
1529.314000000533	-79.362094761423
1529.3320000005335	-79.6297503013987
1529.350000000534	-79.88949493173936
1529.3680000005345	-80.14146328386292
1529.386000000535	-80.38578272346226
1529.4040000005355	-80.62257372954447
1529.4220000005362	-80.85195024210509
1529.4400000005367	-81.07401998121425
1529.4580000005371	-81.28888473998938
1529.4760000005376	-81.49664065365101
1529.494000000538	-81.69737844662153
1529.5120000005386	-81.89118365941114
1529.530000000539	-82.07813685684881
1529.5480000005396	-82.25831381904942
1529.56600000054	-82.43178571635526
1529.5840000005405	-82.59861926936108
1529.602000000541	-82.75887689500735
1529.6200000005415	-82.91261683962313
1529.638000000542	-83.05989329969748
1529.6560000005425	-83.2007565310727
1529.674000000543	-83.33525294717174
1529.6920000005434	-83.4634252067953
1529.710000000544	-83.58531229195938
1529.7280000005444	-83.70094957617673
1529.746000000545	-83.81036888353073
1529.7640000005456	-83.9135985388301
1529.782000000546	-84.01066340908241
1529.8000000005466	-84.10158493647586
1529.818000000547	-84.18638116300437
1529.8360000005475	-84.26506674683004
1529.854000000548	-84.337652970426
1529.8720000005485	-84.40414774049947
1529.890000000549	-84.46455557964572
1529.9080000005495	-84.51887760963882
1529.92600000055	-84.56711152621666
1529.9440000005504	-84.60925156516693
1529.962000000551	-84.64528845947002
1529.9800000005514	-84.67520938720035
1529.9980000005519	-84.6989979098298
1530.0160000005524	-84.7166339005147
1530.0340000005529	-84.72809346188198
1530.0520000005536	-84.73334883275948
1530.070000000554	-84.73236828321406
1530.0880000005545	-84.72511599717942
1530.106000000555	-84.71155194185826
1530.1240000005555	-84.69163172298164
1530.142000000556	-84.6653064248916
1530.1600000005565	-84.63252243428444
1530.178000000557	-84.59322124631184
1530.1960000005574	-84.54733925156879
1530.214000000558	-84.4948075023264
1530.2320000005584	-84.43555145615285
1530.2500000005589	-84.36949069484373
1530.2680000005594	-84.29653861631519
1530.2860000005599	-84.21660209681613
1530.3040000005603	-84.12958112047932
1530.3220000005608	-84.03536837283546
1530.3400000005613	-83.93384879447453
1530.3580000005618	-83.82489909051927
1530.3760000005625	-83.70838719098829
1530.394000000563	-83.58417165643584
1530.4120000005635	-83.45210102246236
1530.430000000564	-83.31201307576377
1530.4480000005644	-83.16373405330297
1530.466000000565	-83.00707775492343
1530.4840000005654	-82.841844558231
1530.5020000005659	-82.66782032281716
1530.5200000005664	-82.48477516881206
1530.5380000005669	-82.29246211228619
1530.5560000005673	-82.09061553707018
1530.5740000005678	-81.87894947902642
1530.5920000005683	-81.65715569455932
1530.6100000005688	-81.42490148001036
1530.6280000005693	-81.18182720235336
1530.6460000005698	-80.92754349399142
1530.6640000005702	-80.66162805513082
1530.682000000571	-80.3836219957025
1530.7000000005714	-80.09302563453397
1530.718000000572	-79.78929365568278
1530.7360000005724	-79.47182949949605
1530.754000000573	-79.13997883773129
1530.7720000005734	-78.79302194612728
1530.7900000005739	-78.43016474172768
1530.8080000005743	-78.05052819267642
1530.8260000005748	-77.65313573052163
1530.8440000005753	-77.23689819286862
1530.8620000005758	-76.8005956884544
1530.8800000005763	-76.34285559449101
1530.8980000005768	-75.8621256487823
1530.9160000005772	-75.35664075936634
1530.9340000005777	-74.82438168170272
1530.9520000005782	-74.26302304636856
1530.9700000005787	-73.66986726473003
1530.9880000005792	-73.04175944864606
1531.00600000058	-72.37497641759512
1531.0240000005804	-71.66507974854923
1531.0420000005809	-70.90671800879429
1531.0600000005813	-70.09335570036087
1531.0780000005818	-69.21689410153995
1531.0960000005823	-68.26712861079915
1531.1140000005828	-67.2309518436695
1531.1320000005833	-66.09114907065121
1531.1500000005838	-64.82451810062253
1531.1680000005842	-63.398831670044586
1531.1860000005847	-61.76776180267855
1531.2040000005852	-59.86222199003553
1531.2220000005857	-57.57622377929955
1531.2400000005862	-54.752750244297054
1531.2580000005867	-51.265737617196635
1531.2760000005871	-48.02780781642148
1531.2940000005876	-48.681047229350426
1531.3120000005883	-51.794417308155126
1531.3300000005888	-54.50844314605425
1531.3480000005893	-56.57849566017626
1531.3660000005898	-58.172067337334205
1531.3840000005903	-59.42475215698391
1531.4020000005908	-60.42477023922465
1531.4200000005912	-61.22943688047796
1531.4380000005917	-61.877024463103254
1531.4560000005922	-62.39377608036484
1531.4740000005927	-62.79801205982373
1531.4920000005932	-63.1025876915714
1531.5100000005937	-63.31639713914008
1531.5280000005941	-63.44530150687598
1531.5460000005946	-63.49268846155631
1531.5640000005951	-63.45977648041949
1531.5820000005956	-63.34572080375513
1531.600000000596	-63.14754017538284
1531.6180000005966	-62.859851221278404
1531.6360000005973	-62.474361128251736
1531.6540000005978	-61.979017698511534
1531.6720000005982	-61.35663054496775
1531.6900000005987	-60.58262436039502
1531.7080000005992	-59.621301568629626
1531.7260000005997	-58.41947851680067
1531.7440000006002	-56.89564342910637
1531.7620000006007	-54.92377147090637
1531.7800000006011	-52.33424976028261
1531.7980000006016	-49.199473049751106
1531.8160000006021	-47.76743353049469
1531.8340000006026	-50.59242960396696
1531.852000000603	-54.17404063920998
1531.8700000006036	-57.11327499208092
1531.888000000604	-59.48288984045008
1531.9060000006045	-61.44770042502732
1531.924000000605	-63.122201507744784
1531.9420000006057	-64.580898610752
1531.9600000006062	-65.87343880717309
1531.9780000006067	-67.03413265359032
1531.9960000006072	-68.08753738278162
1532.0140000006077	-69.05178058822015
1532.0320000006082	-69.94060450638302
1532.0500000006086	-70.76466782379981
1532.0680000006091	-71.53240215562124
1532.0860000006096	-72.25059238613713
1532.10400000061	-72.92478037347821
1532.1220000006106	-73.55955242275346
1532.140000000611	-74.15874829881629
1532.1580000006115	-74.72561604626941
1532.176000000612	-75.2629285973492
1532.1940000006125	-75.7730729290819
1532.212000000613	-76.25811916501475
1532.2300000006135	-76.7198747982791
1532.248000000614	-77.15992772127409
1532.2660000006147	-77.57968072618426
1532.2840000006152	-77.98037942977443
1532.3020000006156	-78.36313507349082
1532.3200000006161	-78.72894328969363
1532.3380000006166	-79.07869966321368
1532.356000000617	-79.41321272506143
1532.3740000006176	-79.73321487207977
1532.392000000618	-80.0393715988598
1532.4100000006185	-80.33228934667872
1532.428000000619	-80.61252221177068
1532.4460000006195	-80.88057770699487
1532.46400000062	-81.1369217334071
1532.4820000006205	-81.38198288876598
1532.500000000621	-81.61615621671342
1532.5180000006214	-81.8398064818421
1532.536000000622	-82.05327104102041
1532.5540000006224	-82.2568623693973
1532.5720000006231	-82.45087028982061
1532.5900000006236	-82.63556394651684
1532.608000000624	-82.81119355741512
1532.6260000006246	-82.97799197418647
1532.644000000625	-83.13617607466774
1532.6620000006255	-83.28594800869233
1532.680000000626	-83.42749631530134
1532.6980000006265	-83.56099692675875
1532.716000000627	-83.68661407264831
1532.7340000006275	-83.80450109551848
1532.752000000628	-83.91480118800872
1532.7700000006284	-84.01764806008441
1532.788000000629	-84.11316654389596
1532.8060000006294	-84.20147314282528
1532.82400000063	-84.28267653046449
1532.8420000006304	-84.35687800456874
1532.8600000006309	-84.42417190041483
1532.8780000006316	-84.48464596747284
1532.896000000632	-84.53838171283869
1532.9140000006325	-84.58545471447549
1532.932000000633	-84.62593490696693
1532.9500000006335	-84.65988684217662
1532.968000000634	-84.68736992694033
1532.9860000006345	-84.70843863968442
1533.004000000635	-84.72314272765007
1533.0220000006354	-84.73152738622333
1533.040000000636	-84.73363342170144
1533.0580000006364	-84.72949739868453
1533.076000000637	-84.71915177314673
1533.0940000006374	-84.70262501212424
1533.1120000006379	-84.67994170085427
1533.1300000006383	-84.65112263809884
1533.1480000006388	-84.61618492030479
1533.1660000006393	-84.57514201516716
1533.1840000006398	-84.52800382509565
1533.2020000006405	-84.47477674101194
1533.220000000641	-84.41546368684513
1533.2380000006415	-84.3500641550352
1533.256000000642	-84.27857423329743
1533.2740000006424	-84.20098662284983
1533.292000000643	-84.11729064825485
1533.3100000006434	-84.02747225897942
1533.328000000644	-83.93151402272937
1533.3460000006444	-83.82939511056746
1533.3640000006449	-83.7210912737795
1533.3820000006453	-83.60657481240577
1533.4000000006458	-83.48581453530699
1533.4180000006463	-83.35877571158701
1533.4360000006468	-83.22542001314388
1533.4540000006473	-83.08570544806841
1533.4720000006478	-82.93958628455385
1533.4900000006483	-82.78701296492292
1533.508000000649	-82.62793200931469
1533.5260000006494	-82.46228590850704
1533.54400000065	-82.29001300527582
1533.5620000006504	-82.11104736361571
1533.580000000651	-81.9253186250555
1533.5980000006514	-81.7327518512096
1533.6160000006519	-81.53326735159717
1533.6340000006523	-81.3267804956458
1533.6520000006528	-81.11320150766443
1533.6700000006533	-80.89243524342211
1533.6880000006538	-80.66438094680954
1533.7060000006543	-80.42893198487036
1533.7240000006548	-80.18597555928665
1533.7420000006553	-79.9353923921629
1533.7600000006557	-79.6770563836915
1533.7780000006562	-79.41083423897612
1533.7960000006567	-79.13658506094494
1533.8140000006572	-78.85415990589397
1533.832000000658	-78.56340129774624
1533.8500000006584	-78.26414269659543
1533.8680000006589	-77.95620791650532
1533.8860000006594	-77.63941048684731
1533.9040000006598	-77.31355295066075
1533.9220000006603	-76.9784260925921
1533.9400000006608	-76.63380808789556
1533.9580000006613	-76.27946356271481
1533.9760000006618	-75.9151425543971
1533.9940000006623	-75.54057935885523
1534.0120000006627	-75.15549124996531
1534.0300000006632	-74.75957705357517
1534.0480000006637	-74.35251555585128
1534.0660000006642	-73.93396372230642
1534.0840000006647	-73.50355469980693
1534.1020000006652	-73.06089556903052
1534.1200000006656	-72.60556480903857
1534.1380000006664	-72.13710942865126
1534.1560000006668	-71.65504171086656
1534.1740000006673	-71.1588355063374
1534.1920000006678	-70.64792199948867
1534.2100000006683	-70.12168485568183
1534.2280000006688	-69.57945463929333
1534.2460000006693	-69.02050236983607
1534.2640000006697	-68.44403205534383
1534.2820000006702	-67.84917200792665
1534.3000000006707	-67.2349647042413
1534.3180000006712	-66.60035490191554
1534.3360000006717	-65.94417565982391
1534.3540000006722	-65.26513183371081
1534.3720000006726	-64.56178052759721
1534.3900000006731	-63.83250787583654
1534.4080000006736	-63.07550141424376
1534.426000000674	-62.28871718285085
1534.4440000006746	-61.46984061510834
1534.4620000006753	-60.61624026931121
1534.4800000006758	-59.72491367530858
1534.4980000006763	-58.79242526706741
1534.5160000006767	-57.81483809268497
1534.5340000006772	-56.78764485971226
1534.5520000006777	-55.70571222026798
1534.5700000006782	-54.563269938463506
1534.5880000006787	-53.35401413672606
1534.6060000006792	-52.07147338025987
1534.6240000006796	-50.70995451580673
1534.6420000006801	-49.26673432119921
1534.6600000006806	-47.74684533548335
1534.678000000681	-46.17290792909075
1534.6960000006816	-44.603144319010106
1534.714000000682	-43.15601643352292
1534.7320000006825	-42.01742227494435
1534.750000000683	-41.373972671892425
1534.7680000006837	-41.27512526369511
1534.7860000006842	-41.58698861159217
1534.8040000006847	-42.108435083483556
1534.8220000006852	-42.68475413453623
1534.8400000006857	-43.23040406478909
1534.8580000006862	-43.707774762419966
1534.8760000006866	-44.10484023551835
1534.8940000006871	-44.42155852934491
1534.9120000006876	-44.66295126436079
1534.930000000688	-44.83586177125481
1534.9480000006886	-44.94753025661876
1534.966000000689	-45.005028911059625
1534.9840000006895	-45.015095040254366
1535.00200000069	-44.98414375467408
1535.0200000006905	-44.918356985083
1535.038000000691	-44.8237990361943
1535.0560000006915	-44.706532798841245
1535.074000000692	-44.572720331484426
1535.0920000006927	-44.428694104531665
1535.1100000006932	-44.28098464469339
1535.1280000006936	-44.13628922368016
1535.1460000006941	-44.00136694681536
1535.1640000006946	-43.88285042071171
1535.182000000695	-43.78697489731663
1535.2000000006956	-43.71924252690828
1535.218000000696	-43.684059275504595
1535.2360000006965	-43.684398991289314
1535.254000000697	-43.721555165567516
1535.2720000006975	-43.79503039193648
1535.290000000698	-43.902586898254505
1535.3080000006985	-44.040446809537734
1535.326000000699	-44.20360010108065
1535.3440000006995	-44.386161552576255
1535.3620000007	-44.58171863142496
1535.3800000007004	-44.783626179381145
1535.3980000007011	-44.9852234203015
1535.4160000007016	-45.17996706985568
1535.434000000702	-45.36148717843395
1535.4520000007026	-45.523578996940074
1535.470000000703	-45.66014596898985
1535.4880000007036	-45.76510811976842
1535.506000000704	-45.83228893532022
1535.5240000007045	-45.85529468362164
1535.542000000705	-45.827406165616964
1535.5600000007055	-45.741519665175474
1535.578000000706	-45.59021280563933
1535.5960000007065	-45.366096516355945
1535.614000000707	-45.062798095295626
1535.6320000007074	-44.67730581403576
1535.650000000708	-44.21516258908639
1535.6680000007084	-43.70120980121242
1535.6860000007089	-43.19920631590749
1535.7040000007094	-42.83774391897921
1535.72200000071	-42.813571202651985
1535.7400000007106	-43.31127336728197
1535.758000000711	-44.35854801781326
1535.7760000007115	-45.79973891067624
1535.794000000712	-47.42885023201908
1535.8120000007125	-49.09694652780709
1535.830000000713	-50.72522043321299
1535.8480000007135	-52.28054577886786
1535.866000000714	-53.75330021203386
1535.8840000007144	-55.144504600159735
1535.902000000715	-56.45943723076417
1535.9200000007154	-57.70468574611462
1535.9380000007159	-58.886861354685
1535.9560000007164	-60.01208586064239
1535.9740000007168	-61.08582874714838
1535.9920000007173	-62.112897027951924
1536.0100000007178	-63.09748665148243
1536.0280000007185	-64.04325387951599
1536.046000000719	-64.95338830685907
1536.0640000007195	-65.83068004972367
1536.08200000072	-66.67757864249485
1536.1000000007205	-67.49624341857395
1536.118000000721	-68.28858607166345
1536.1360000007214	-69.056306399867
1536.154000000722	-69.80092226381129
1536.1720000007224	-70.52379470374478
1536.1900000007229	-71.22614903586273
1536.2080000007234	-71.90909261979286
1536.2260000007238	-72.57362987185006
1536.2440000007243	-73.22067499718815
1536.2620000007248	-73.85106282880733
1536.2800000007253	-74.46555809106938
1536.2980000007258	-75.06486334789236
1536.3160000007263	-75.64962584903321
1536.3340000007267	-76.22044344989772
1536.3520000007275	-76.77786974951182
1536.370000000728	-77.3224185662494
1536.3880000007284	-77.85456785055091
1536.406000000729	-78.37476311724168
1536.4240000007294	-78.88342046646922
1536.4420000007299	-79.38092925112498
1536.4600000007304	-79.86765443943335
1536.4780000007308	-80.34393871381111
1536.4960000007313	-80.81010434081533
1536.5140000007318	-81.26645484177718
1536.5320000007323	-81.71327648936092
1536.5500000007328	-82.15083965163947
1536.5680000007333	-82.57940000221996
1536.5860000007337	-82.9991996123684
1536.6040000007342	-83.41046793890796
1536.6220000007347	-83.8134227198139
1536.6400000007352	-84.20827078786112
1536.658000000736	-84.59520881133776
1536.6760000007364	-84.97442396969561
1536.6940000007369	-85.34609457102492
1536.7120000007374	-85.71039061739582
1536.7300000007378	-86.0674743233828
1536.7480000007383	-86.41750059245669
1536.7660000007388	-86.76061745538576
1536.7840000007393	-87.09696647431102
1536.8020000007398	-87.42668311575109
1536.8200000007403	-87.7498970954298
1536.8380000007407	-88.06673269750542
1536.8560000007412	-88.37730907050484
1536.8740000007417	-88.68174050202182
1536.8920000007422	-88.98013667402714
1536.9100000007427	-89.27260290044703
1536.9280000007432	-89.55924034850236
1536.9460000007437	-89.84014624515261
1536.9640000007441	-90.11541406985559
1536.9820000007448	-90.38513373474204
1537.0000000007453	-90.64939175319518
1537.0180000007458	-90.90827139773737
1537.0360000007463	-91.16185284804013
1537.0540000007468	-91.41021332980173
1537.0720000007473	-91.65342724516917
1537.0900000007478	-91.89156629532194
1537.1080000007482	-92.12469959578215
1537.1260000007487	-92.35289378496557
1537.1440000007492	-92.57621312644687
1537.1620000007497	-92.79471960537053
1537.1800000007502	-93.00847301940566
1537.1980000007507	-93.21753106460861
1537.2160000007511	-93.42194941652929
1537.2340000007516	-93.62178180687053
1537.252000000752	-93.81708009598418
1537.2700000007526	-94.00789434146803
1537.2880000007533	-94.19427286310496
1537.3060000007538	-94.37626230436948
1537.3240000007543	-94.55390769070866
1537.3420000007548	-94.72725248478973
1537.3600000007552	-94.89633863889307
1537.3780000007557	-95.06120664461442
1537.3960000007562	-95.22189558003136
1537.4140000007567	-95.37844315447522
1537.4320000007572	-95.5308857510415
1537.4500000007577	-95.67925846696195
1537.4680000007581	-95.82359515195282
1537.4860000007586	-95.96392844464634
1537.504000000759	-96.10028980720475
1537.5220000007596	-96.2327095582099
1537.54000000076	-96.3612169039147
1537.5580000007606	-96.48583996793796
1537.576000000761	-96.60660581947667
1537.5940000007615	-96.72354050010782
1537.6120000007622	-96.83666904924438
1537.6300000007627	-96.94601552830713
1537.6480000007632	-97.05160304367016
1537.6660000007637	-97.15345376843331
1537.6840000007642	-97.25158896307184
1537.7020000007647	-97.34602899501014
1537.7200000007651	-97.43679335716321
1537.7380000007656	-97.52390068548698
1537.756000000766	-97.60736877557497
1537.7740000007666	-97.68721459833785
1537.792000000767	-97.7634543147978
1537.8100000007676	-97.8361032900298
1537.828000000768	-97.90517610627747
1537.8460000007685	-97.97068657527063
1537.864000000769	-98.03264774976945
1537.8820000007695	-98.09107193435734
1537.90000000077	-98.1459706955045
1537.9180000007707	-98.19735487092089
1537.9360000007712	-98.24523457821682
1537.9540000007717	-98.2896192228871
1537.9720000007721	-98.33051750563374
1537.9900000007726	-98.36793742904057
1538.008000000773	-98.40188630361126
1538.0260000007736	-98.43237075318203
1538.044000000774	-98.45939671971757
1538.0620000007746	-98.48296946749892
1538.080000000775	-98.50309358670935
1538.0980000007755	-98.51977299642428
1538.116000000776	-98.53301094700913
1538.1340000007765	-98.54281002192846
1538.152000000777	-98.54917213896829
1538.1700000007775	-98.55209855087185
1538.188000000778	-98.55158984538896
1538.2060000007784	-98.54764594473666
1538.2240000007791	-98.54026610446859
1538.2420000007796	-98.52944891174874
1538.26000000078	-98.5151922830245
1538.2780000007806	-98.4974934610918
1538.296000000781	-98.47634901154485
1538.3140000007816	-98.45175481860103
1538.332000000782	-98.42370608029017
1538.3500000007825	-98.39219730299631
1538.368000000783	-98.35722229533802
1538.3860000007835	-98.31877416137277
1538.404000000784	-98.27684529310814
1538.4220000007845	-98.23142736230156
1538.440000000785	-98.18251131152907
1538.4580000007854	-98.13008734450035
1538.476000000786	-98.07414491559685
1538.4940000007864	-98.01467271860687
1538.5120000007869	-97.95165867462958
1538.5300000007874	-97.88508991911783
1538.548000000788	-97.81495278802696
1538.5660000007886	-97.74123280303455
1538.584000000789	-97.66391465579292
1538.6020000007895	-97.58298219117404
1538.62000000079	-97.4984183894621
1538.6380000007905	-97.41020534744766
1538.656000000791	-97.31832425837158
1538.6740000007915	-97.22275539066494
1538.692000000792	-97.12347806542601
1538.7100000007924	-97.02047063257156
1538.728000000793	-96.91371044559475
1538.7460000007934	-96.80317383485712
1538.7640000007939	-96.68883607933645
1538.7820000007944	-96.57067137674666
1538.8000000007949	-96.44865281193924
1538.8180000007953	-96.32275232348965
1538.8360000007958	-96.1929406683634
1538.8540000007965	-96.05918738454969
1538.872000000797	-95.92146075154126
1538.8900000007975	-95.77972774852964
1538.908000000798	-95.63395401017443
1538.9260000007985	-95.48410377979472
1538.944000000799	-95.33013985981808
1538.9620000007994	-95.17202355930864
1538.9800000008	-95.00971463838283
1538.9980000008004	-94.84317124930354
1539.016000000801	-94.67234987402735
1539.0340000008014	-94.49720525795998
1539.0520000008019	-94.31769033965355
1539.0700000008023	-94.13375617615755
1539.0880000008028	-93.94535186370847
1539.1060000008033	-93.75242445341658
1539.1240000008038	-93.55491886157648
1539.1420000008043	-93.35277777419446
1539.1600000008048	-93.14594154528876
1539.1780000008055	-92.9343480884757
1539.196000000806	-92.71793276131007
1539.2140000008064	-92.49662824179607
1539.232000000807	-92.27036439642818
1539.2500000008074	-92.03906813905834
1539.268000000808	-91.80266327981408
1539.2860000008084	-91.56107036321458
1539.3040000008089	-91.31420649454155
1539.3220000008093	-91.06198515342382
1539.3400000008098	-90.80431599348258
1539.3580000008103	-90.54110462675828
1539.3760000008108	-90.27225239150106
1539.3940000008113	-89.9976561017435
1539.4120000008118	-89.71720777689785
1539.4300000008122	-89.43079434941231
1539.4480000008127	-89.1382973482902
1539.4660000008132	-88.8395925560103
1539.484000000814	-88.5345496360851
1539.5020000008144	-88.22303172814829
1539.520000000815	-87.90489500706659
1539.5380000008154	-87.57998820211655
1539.5560000008159	-87.2481520717419
1539.5740000008163	-86.9092188288029
1539.5920000008168	-86.56301151052608
1539.6100000008173	-86.20934328654897
1539.6280000008178	-85.84801669750533
1539.6460000008183	-85.47882281548625
1539.6640000008188	-85.10154031641301
1539.6820000008192	-84.71593445282713
1539.7000000008197	-84.32175591379867
1539.7180000008202	-83.91873955651485
1539.7360000008207	-83.50660299156898
1539.7540000008212	-83.08504500093584
1539.7720000008217	-82.6537437639817
1539.7900000008221	-82.21235486248287
1539.8080000008229	-81.7605090303328
1539.8260000008233	-81.29780960719384
1539.8440000008238	-80.82382964750408
1539.8620000008243	-80.33810862662841
1539.8800000008248	-79.84014867407231
1539.8980000008253	-79.32941024895291
1539.9160000008258	-78.80530715454721
1539.9340000008262	-78.26720076566018
1539.9520000008267	-77.71439331338013
1539.9700000008272	-77.14612003464173
1539.9880000008277	-76.56153994636335
1540.0060000008282	-75.95972494231115
1540.0240000008287	-75.33964683048976
1540.0420000008291	-74.70016182314146
1540.0600000008296	-74.03999185098621
1540.0780000008301	-73.35770188483254
1540.0960000008306	-72.65167219189338
1540.1140000008313	-71.9200641029241
1540.1320000008318	-71.16077737791589
1540.1500000008323	-70.37139656964658
1540.1680000008328	-69.5491227996105
1540.1860000008332	-68.69068592962853
1540.2040000008337	-67.79222999646142
1540.2220000008342	-66.84916159001415
1540.2400000008347	-65.85594595986437
1540.2580000008352	-64.80582795118366
1540.2760000008357	-63.690442537306836
1540.2940000008361	-62.49925945290112
1540.3120000008366	-61.21877238152464
1540.3300000008371	-59.83128485684729
1540.3480000008376	-58.31304458887481
1540.366000000838	-56.63130999935079
1540.3840000008386	-54.73969530420782
1540.402000000839	-52.57109532842425
1540.4200000008395	-50.02980997206225
1540.4380000008402	-47.00495684989362
1540.4560000008407	-43.5756415708726
1540.4740000008412	-41.12780831857641
1540.4920000008417	-42.04680281835323
1540.5100000008422	-44.46987695884944
1540.5280000008427	-46.58878950034604
1540.5460000008432	-48.20565854056416
1540.5640000008436	-49.42271320299869
1540.5820000008441	-50.3395681666532
1540.6000000008446	-51.02646537219531
1540.618000000845	-51.53120101052436
1540.6360000008456	-51.88661787907997
1540.654000000846	-52.11563269006366
1540.6720000008465	-52.234385207910734
1540.690000000847	-52.254202503421354
1540.7080000008475	-52.182830964669584
1540.726000000848	-52.025203816343684
1540.7440000008487	-51.78389803282936
1540.7620000008492	-51.45936580714539
1540.7800000008497	-51.04998174278599
1540.7980000008502	-50.55191462105742
1540.8160000008506	-49.95880303151263
1540.8340000008511	-49.26117962870474
1540.8520000008516	-48.445540555214805
1540.870000000852	-47.49288368948952
1540.8880000008526	-46.37643324947261
1540.906000000853	-45.05815997904562
1540.9240000008535	-43.483882776156186
1540.942000000854	-41.57898013377601
1540.9600000008545	-39.26177241622981
1540.978000000855	-36.58194471782029
1540.9960000008555	-34.42156251653252
1541.014000000856	-34.8756453748812
1541.0320000008564	-37.331669315571844
1541.050000000857	-39.85838825632938
1541.0680000008576	-41.97201521190423
1541.0860000008581	-43.70110028126107
1541.1040000008586	-45.13111467256485
1541.122000000859	-46.331494421031955
1541.1400000008596	-47.35223603536957
1541.15800000086	-48.22902573212491
1541.1760000008605	-48.98775572950412
1541.194000000861	-49.647626352541856
1541.2120000008615	-50.223186457256645
1541.230000000862	-50.72567972571746
1541.2480000008625	-51.16394817569406
1541.266000000863	-51.54505129283833
1541.2840000008634	-51.87469936233374
1541.302000000864	-52.15756291283658
1541.3200000008644	-52.397497824914936
1541.338000000865	-52.59771186837619
1541.3560000008654	-52.76088978593982
1541.374000000866	-52.889288514168165
1541.3920000008666	-52.98481053182661
1541.410000000867	-53.049060935497735
1541.4280000008675	-53.0833922267194
1541.446000000868	-53.088939684199275
1541.4640000008685	-53.06664941844812
1541.482000000869	-53.01730065508187
1541.5000000008695	-52.94152339563186
1541.51800000087	-52.83981231350013
1541.5360000008704	-52.7125375256803
1541.554000000871	-52.5599527160161
1541.5720000008714	-52.38220095773892
1541.590000000872	-52.17931848082425
1541.6080000008724	-51.95123654535436
1541.6260000008729	-51.69778150953252
1541.6440000008733	-51.41867311555618
1541.6620000008738	-51.11352095439007
1541.6800000008743	-50.78181900826333
1541.698000000875	-50.422938104529905
1541.7160000008755	-50.03611604366949
1541.734000000876	-49.620445085369155
1541.7520000008765	-49.174856388148754
1541.770000000877	-48.698100899741945
1541.7880000008774	-48.18872609048057
1541.806000000878	-47.64504781996722
1541.8240000008784	-47.06511655160774
1541.842000000879	-46.44667713039381
1541.8600000008794	-45.787121521030556
1541.8780000008799	-45.08343447856602
1541.8960000008803	-44.33213352258241
1541.9140000008808	-43.52920768335969
1541.9320000008813	-42.67006607448485
1541.9500000008818	-41.74952112202513
1541.9680000008823	-40.761859966361286
1541.9860000008828	-39.70111732115362
1542.0040000008835	-38.56178746556425
1542.022000000884	-37.34046863288215
1542.0400000008844	-36.03943484148768
1542.058000000885	-34.67398919908584
1542.0760000008854	-33.28632204635833
1542.094000000886	-31.96677166035777
1542.1120000008864	-30.87013253394141
1542.1300000008869	-30.184700858959587
1542.1480000008874	-30.021015327936723
1542.1660000008878	-30.31696084701013
1542.1840000008883	-30.8935284502823
1542.2020000008888	-31.578739081029994
1542.2200000008893	-32.26335209929616
1542.2380000008898	-32.893126780090526
1542.2560000008903	-33.446638822401944
1542.2740000008907	-33.91900702410397
1542.2920000008912	-34.31288336041747
1542.3100000008917	-34.63400092330719
1542.3280000008924	-34.88911261060941
1542.346000000893	-35.08510279680075
1542.3640000008934	-35.228658369111855
1542.3820000008939	-35.32620138083122
1542.4000000008944	-35.38394009789866
1542.4180000008948	-35.407968723305984
1542.4360000008953	-35.40438009965076
1542.4540000008958	-35.379370391539155
1542.4720000008963	-35.33931989460043
1542.4900000008968	-35.29083471771751
1542.5080000008973	-35.24073322898773
1542.5260000008977	-35.19596137706114
1542.5440000008982	-35.163424749238914
1542.5620000008987	-35.14973458642292
1542.5800000008992	-35.16088064928918
1542.5980000008997	-35.201863801363075
1542.6160000009002	-35.27633994411205
1542.6340000009009	-35.386336624027145
1542.6520000009014	-35.53209742640749
1542.6700000009018	-35.71208585702921
1542.6880000009023	-35.92314620845035
1542.7060000009028	-36.16078573822317
1542.7240000009033	-36.419521618006726
1542.7420000009038	-36.69323267710661
1542.7600000009043	-36.975467462856734
1542.7780000009047	-37.25967929295258
1542.7960000009052	-37.53937815185803
1542.8140000009057	-37.80820358885166
1542.8320000009062	-38.059930740321725
1542.8500000009067	-38.288424224063235
1542.8680000009072	-38.48755405256028
1542.8860000009076	-38.651086194844986
1542.9040000009081	-38.77256027741747
1542.9220000009086	-38.8451709471419
1542.940000000909	-38.86168229585056
1542.9580000009098	-38.814435931425315
1542.9760000009103	-38.69558316767722
1542.9940000009108	-38.49782454471846
1543.0120000009113	-38.216267612432034
1543.0300000009117	-37.85268610365548
1543.0480000009122	-37.42466624096206
1543.0660000009127	-36.98337782896146
1543.0840000009132	-36.64076867489352
1543.1020000009137	-36.586113438230605
1543.1200000009142	-37.03011946191723
1543.1380000009146	-38.05387787502062
1543.1560000009151	-39.53113800059196
1543.1740000009156	-41.24480600052425
1543.192000000916	-43.02289067413034
1543.2100000009166	-44.77038649356325
1543.228000000917	-46.44608493695124
1543.2460000009175	-48.03705503585113
1543.2640000009183	-49.54325451155526
1543.2820000009187	-50.96983865602052
1543.3000000009192	-52.323622035057156
1543.3180000009197	-53.61154306442137
1543.3360000009202	-54.84005199546351
1543.3540000009207	-56.01491316739335
1543.3720000009212	-57.14118647522599
1543.3900000009216	-58.22328060853236
1543.4080000009221	-59.265029628413146
1543.4260000009226	-60.269771753543594
1543.444000000923	-61.24042183365805
1543.4620000009236	-62.17953473849217
1543.480000000924	-63.089359423602495
1543.4980000009245	-63.971884462057275
1543.516000000925	-64.82887616353399
1543.5340000009255	-65.66191042596002
1543.552000000926	-66.47239936269317
1543.5700000009267	-67.26161360580812
1543.5880000009272	-68.03070104158998
1543.6060000009277	-68.7807026034209
1543.6240000009282	-69.51256563480669
1543.6420000009286	-70.22715524144816
1543.6600000009291	-70.92526397418816
1543.6780000009296	-71.60762012192339
1543.69600000093	-72.27489484272736
1543.7140000009306	-72.92770832030503
1543.732000000931	-73.566635099634
1543.7500000009315	-74.19220872870655
1543.768000000932	-74.8049258114265
1543.7860000009325	-75.40524955892911
1543.804000000933	-75.99361291208066
1543.8220000009335	-76.57042129603654
1543.840000000934	-77.13605505798192
1543.8580000009345	-77.69087163113976
1543.876000000935	-78.23520746148516
1543.8940000009356	-78.76937972808798
1543.9120000009361	-79.29368788341546
1543.9300000009366	-79.80841503608808
1543.948000000937	-80.31382919536732
1543.9660000009376	-80.81018439394933
1543.984000000938	-81.29772170335578
1544.0020000009386	-81.77667015428271
1544.020000000939	-82.24724757262832
1544.0380000009395	-82.70966134052426
1544.05600000094	-83.16410909050285
1544.0740000009405	-83.61077933991075
1544.092000000941	-84.0498520718036
1544.1100000009415	-84.48149926779963
1544.128000000942	-84.90588539771852
1544.1460000009424	-85.32316787026723
1544.164000000943	-85.73349744854397
1544.1820000009434	-86.13701863370643
1544.200000000944	-86.53387001977626
1544.2180000009446	-86.92418462222957
1544.236000000945	-87.3080901827366
1544.2540000009456	-87.68570945216466
1544.272000000946	-88.05716045373822
1544.2900000009465	-88.42255672805646
1544.308000000947	-88.78200756149687
1544.3260000009475	-89.13561819938246
1544.344000000948	-89.4834900451552
1544.3620000009485	-89.82572084667882
1544.380000000949	-90.1624048706885
1544.3980000009494	-90.49363306630893
1544.41600000095	-90.81949321847861
1544.4340000009504	-91.14007009204175
1544.4520000009509	-91.45544556720162
1544.4700000009514	-91.76569876696769
1544.4880000009518	-92.07090617717476
1544.5060000009523	-92.37114175960224
1544.524000000953	-92.6664770586774
1544.5420000009535	-92.95698130220657
1544.560000000954	-93.24272149654115
1544.5780000009545	-93.52376251655308
1544.596000000955	-93.80016719076382
1544.6140000009555	-94.07199638194449
1544.632000000956	-94.33930906347956
1544.6500000009564	-94.6021623917641
1544.668000000957	-94.8606117748845
1544.6860000009574	-95.11471093781344
1544.7040000009579	-95.36451198433286
1544.7220000009584	-95.61006545588339
1544.7400000009588	-95.85142038752393
1544.7580000009593	-96.08862436117246
1544.7760000009598	-96.3217235562864
1544.7940000009603	-96.55076279813062
1544.8120000009608	-96.77578560377043
1544.8300000009615	-96.99683422591747
1544.848000000962	-97.21394969474864
1544.8660000009625	-97.42717185780873
1544.884000000963	-97.63653941810169
1544.9020000009634	-97.84208997046755
1544.920000000964	-98.04386003633613
1544.9380000009644	-98.2418850969429
1544.9560000009649	-98.43619962508677
1544.9740000009654	-98.626837115505
1544.9920000009658	-98.81383011393484
1545.0100000009663	-98.99721024492875
1545.0280000009668	-99.17700823848408
1545.0460000009673	-99.3532539555464
1545.0640000009678	-99.52597641244043
1545.0820000009683	-99.69520380428057
1545.1000000009687	-99.86096352740917
1545.1180000009692	-100.02328220090843
1545.1360000009697	-100.18218568722878
1545.1540000009704	-100.33769911197433
1545.172000000971	-100.48984688288398
1545.1900000009714	-100.6386527080435
1545.2080000009719	-100.78413961336383
1545.2260000009724	-100.92632995935674
1545.2440000009728	-101.06524545723889
1545.2620000009733	-101.20090718439303
1545.2800000009738	-101.33333559921333
1545.2980000009743	-101.46255055536075
1545.3160000009748	-101.5885713154529
1545.3340000009753	-101.71141656421125
1545.3520000009757	-101.83110442108773
1545.3700000009762	-101.94765245239154
1545.3880000009767	-102.06107768293533
1545.4060000009772	-102.17139660721995
1545.4240000009777	-102.27862520017496
1545.4420000009782	-102.38277892747193
1545.4600000009789	-102.48387275542619
1545.4780000009794	-102.58192116050212
1545.4960000009798	-102.67693813843644
1545.5140000009803	-102.76893721299291
1545.5320000009808	-102.85793144436114
1545.5500000009813	-102.94393343721225
1545.5680000009818	-103.02695534842222
1545.5860000009823	-103.10700889447472
1545.6040000009828	-103.18410535855314
1545.6220000009832	-103.25825559733244
1545.6400000009837	-103.32947004747929
1545.6580000009842	-103.39775873187067
1545.6760000009847	-103.46313126553798
1545.6940000009852	-103.525596861346
1545.7120000009857	-103.58516433541318
1545.7300000009861	-103.64184211228127
1545.7480000009866	-103.69563822984071
1545.766000000987	-103.74656034401843
1545.7840000009878	-103.79461573323381
1545.8020000009883	-103.83981130262907
1545.8200000009888	-103.88215358807918
1545.8380000009893	-103.92164875998657
1545.8560000009898	-103.95830262686532
1545.8740000009902	-103.99212063871978
1545.8920000009907	-104.02310789022123
1545.9100000009912	-104.05126912368736
1545.9280000009917	-104.0766087318678
1545.9460000009922	-104.09913076053917
1545.9640000009927	-104.1188389109135
1545.9820000009931	-104.13573654186224
1546.0000000009936	-104.14982667195946
1546.018000000994	-104.16111198134607
1546.0360000009946	-104.16959481341806
1546.054000000995	-104.17527717634061
1546.0720000009956	-104.17816074439006
1546.0900000009963	-104.17824685912537
1546.1080000009968	-104.17553653039106
1546.1260000009972	-104.17003043715246
1546.1440000009977	-104.16172892816478
1546.1620000009982	-104.15063202247688
1546.1800000009987	-104.13673940977056
1546.1980000009992	-104.12005045053597
1546.2160000009997	-104.10056417608358
1546.2340000010001	-104.07827928839308
1546.2520000010006	-104.0531941597989
1546.270000001001	-104.02530683251298
1546.2880000010016	-103.99461501798356
1546.306000001002	-103.96111609609042
1546.3240000010026	-103.92480711417531
1546.342000001003	-103.88568478590705
1546.3600000010035	-103.84374548998022
1546.378000001004	-103.79898526864622
1546.3960000010045	-103.75139982607541
1546.4140000010052	-103.70098452654872
1546.4320000010057	-103.64773439247688
1546.4500000010062	-103.59164410224552
1546.4680000010067	-103.53270798788392
1546.4860000010071	-103.47092003255486
1546.5040000010076	-103.40627386786359
1546.522000001008	-103.33876277098227
1546.5400000010086	-103.26837966158791
1546.558000001009	-103.19511709860974
1546.5760000010096	-103.11896727678317
1546.59400000101	-103.03992202300651
1546.6120000010105	-102.95797279249635
1546.630000001011	-102.87311066473778
1546.6480000010115	-102.7853263392249
1546.666000001012	-102.69461013098689
1546.6840000010125	-102.60095196589472
1546.702000001013	-102.5043413757436
1546.7200000010137	-102.40476749310506
1546.7380000010141	-102.30221904594322
1546.7560000010146	-102.19668435198923
1546.774000001015	-102.08815131286697
1546.7920000010156	-101.97660740796363
1546.810000001016	-101.86203968803765
1546.8280000010166	-101.74443476855674
1546.846000001017	-101.62377882275783
1546.8640000010175	-101.50005757442061
1546.882000001018	-101.3732562903462
1546.9000000010185	-101.24335977253119
1546.918000001019	-101.11035235002777
1546.9360000010195	-100.97421787047966
1546.95400000102	-100.834939691323
1546.9720000010204	-100.69250067064117
1546.990000001021	-100.54688315766163
1547.0080000010214	-100.39806898288234
1547.0260000010219	-100.24603944781484
1547.0440000010226	-100.09077531433023
1547.062000001023	-99.93225679359377
1547.0800000010236	-99.77046353457283
1547.098000001024	-99.60537461210257
1547.1160000010245	-99.43696851449255
1547.134000001025	-99.26522313065674
1547.1520000010255	-99.0901157367484
1547.170000001026	-98.91162298228089
1547.1880000010265	-98.72972087571348
1547.206000001027	-98.54438476948125
1547.2240000010274	-98.3555893444462
1547.242000001028	-98.16330859374591
1547.2600000010284	-97.9675158060151
1547.2780000010289	-97.76818354795317
1547.2960000010294	-97.56528364621082
1547.3140000010299	-97.35878716856583
1547.3320000010303	-97.14866440435776
1547.350000001031	-96.93488484414884
1547.3680000010315	-96.71741715857705
1547.386000001032	-96.4962291763652
1547.4040000010325	-96.27128786144796
1547.422000001033	-96.04255928917645
1547.4400000010335	-95.81000862155834
1547.458000001034	-95.57360008148791
1547.4760000010344	-95.33329692591927
1547.494000001035	-95.08906141793206
1547.5120000010354	-94.84085479763664
1547.530000001036	-94.58863725186261
1547.5480000010364	-94.33236788257088
1547.5660000010369	-94.07200467392647
1547.5840000010373	-93.80750445796468
1547.6020000010378	-93.53882287878008
1547.6200000010383	-93.26591435516255
1547.6380000010388	-92.98873204160063
1547.6560000010393	-92.70722778756722
1547.67400000104	-92.42135209499688
1547.6920000010405	-92.13105407385903
1547.710000001041	-91.83628139572463
1547.7280000010414	-91.5369802452171
1547.746000001042	-91.23309526923208
1547.7640000010424	-90.92456952380152
1547.782000001043	-90.61134441847058
1547.8000000010434	-90.29335965804621
1547.8180000010439	-89.97055318156688
1547.8360000010443	-89.64286109833233
1547.8540000010448	-89.31021762082148
1547.8720000010453	-88.9725549943138
1547.8900000010458	-88.62980342301681
1547.9080000010463	-88.28189099248809
1547.9260000010468	-87.92874358812432
1547.9440000010472	-87.57028480947386
1547.9620000010477	-87.20643588011029
1547.9800000010484	-86.83711555278518
1547.998000001049	-86.46224000955678
1548.0160000010494	-86.08172275656736
1548.03400000105	-85.6954745131168
1548.0520000010504	-85.30340309465204
1548.0700000010509	-84.9054132892609
1548.0880000010513	-84.50140672722648
1548.1060000010518	-84.09128174316044
1548.1240000010523	-83.67493323019403
1548.1420000010528	-83.25225248566186
1548.1600000010533	-82.82312704766412
1548.1780000010538	-82.3874405218406
1548.1960000010542	-81.9450723976302
1548.2140000010547	-81.49589785322527
1548.2320000010552	-81.03978754835863
1548.2500000010557	-80.57660740398077
1548.2680000010562	-80.10621836779849
1548.286000001057	-79.62847616454698
1548.3040000010574	-79.14323102976033
1548.3220000010579	-78.65032742568401
1548.3400000010583	-78.14960373783863
1548.3580000010588	-77.64089195059407
1548.3760000010593	-77.12401729994514
1548.3940000010598	-76.5987979014914
1548.4120000010603	-76.0650443514127
1548.4300000010608	-75.52255929799438
1548.4480000010612	-74.97113698098781
1548.4660000010617	-74.41056273579028
1548.4840000010622	-73.8406124590857
1548.5020000010627	-73.26105203220025
1548.5200000010632	-72.67163669798627
1548.5380000010637	-72.0721103865467
1548.5560000010641	-71.46220498453938
1548.5740000010646	-70.84163954214657
1548.5920000010651	-70.21011941104348
1548.6100000010658	-69.56733530583708
1548.6280000010663	-68.912962280451
1548.6460000010668	-68.24665860978234
1548.6640000010673	-67.56806456562327
1548.6820000010678	-66.8768010742901
1548.7000000010682	-66.1724682415957
1548.7180000010687	-65.45464372868697
1548.7360000010692	-64.7228809597887
1548.7540000010697	-63.9767071399732
1548.7720000010702	-63.215621057625086
1548.7900000010707	-62.4390906421759
1548.8080000010712	-61.64655024281211
1548.8260000010716	-60.83739758803793
1548.8440000010721	-60.01099037898953
1548.8620000010726	-59.166642460983795
1548.880000001073	-58.30361950760418
1548.8980000010736	-57.4211341392588
1548.9160000010743	-56.51834038304842
1548.9340000010748	-55.59432736227316
1548.9520000010752	-54.6481120811081
1548.9700000010757	-53.678631141766616
1548.9880000010762	-52.684731196400776
1549.0060000010767	-51.66515789220156
1549.0240000010772	-50.61854301326261
1549.0420000010777	-49.54338945368513
1549.0600000010782	-48.4380535692092
1549.0780000010786	-47.300724344415706
1549.0960000010791	-46.129398673181896
1549.1140000010796	-44.92185187444436
1549.13200000108	-43.67560234575869
1549.1500000010806	-42.38786898714416
1549.168000001081	-41.05551970622824
1549.1860000010815	-39.675008957253034
1549.204000001082	-38.242301924006036
1549.2220000010825	-36.7527827730581
1549.2400000010832	-35.20114472766643
1549.2580000010837	-33.58126136322232
1549.2760000010842	-31.886043401647278
1549.2940000010847	-30.107297803010418
1549.3120000010852	-28.235636510548385
1549.3300000010856	-26.26055560103085
1549.3480000010861	-24.17098167979254
1549.3660000010866	-21.957004981598395
1549.384000001087	-19.614516508078385
1549.4020000010876	-17.156651823005717
1549.420000001088	-14.639528350672602
1549.4380000010885	-12.208752977950398
1549.456000001089	-10.13670545930462
1549.4740000010895	-8.724264497667304
1549.49200000109	-8.03016067788053
1549.5100000010905	-7.808878615636821
1549.528000001091	-7.770280854893562
1549.5460000010917	-7.745522514581232
1549.5640000010922	-7.674217578761589
1549.5820000010926	-7.553449958191326
1549.6000000010931	-7.404108403042676
1549.6180000010936	-7.252997105405661
1549.636000001094	-7.122998499123836
1549.6540000010946	-7.027749485238649
1549.672000001095	-6.970014051824115
1549.6900000010955	-6.943281361001574
1549.708000001096	-6.935363678627079
1549.7260000010965	-6.932343197054982
1549.744000001097	-6.921632947428604
1549.7620000010975	-6.893726760736886
1549.780000001098	-6.842823989543765
1549.7980000010984	-6.766733617863665
1549.816000001099	-6.666415332490425
1549.8340000010994	-6.545380926806602
1549.8520000011	-6.409062077056651
1549.8700000011006	-6.264181521078502
1549.888000001101	-6.1181395442139985
1549.9060000011016	-5.978430785738955
1549.924000001102	-5.85212031802397
1549.9420000011025	-5.745416827403639
1549.960000001103	-5.663373671214149
1549.9780000011035	-5.609724152979996
1549.996000001104	-5.586825230900626
1550.0140000011045	-5.595660465241442
1550.032000001105	-5.635852021446728
1550.0500000011054	-5.705655239619255
1550.068000001106	-5.801946373674225
1550.0860000011064	-5.920245809241078
1550.104000001107	-6.05482962651546
1550.1220000011074	-6.198967769495535
1550.1400000011079	-6.34529672097501
1550.1580000011083	-6.486304957290608
1550.176000001109	-6.614894175244116
1550.1940000011095	-6.724981955338814
1550.21200000111	-6.81212497950667
1550.2300000011105	-6.87415196315216
1550.248000001111	-6.911785025126825
1550.2660000011115	-6.929180287865504
1550.284000001112	-6.934221689488117
1550.3020000011124	-6.938267577936924
1550.320000001113	-6.9549452614761185
1550.3380000011134	-6.997665572843788
1550.356000001114	-7.07596444551556
1550.3740000011144	-7.191553458095662
1550.3920000011149	-7.33563697086554
1550.4100000011153	-7.489009826814675
1550.4280000011158	-7.625702499901635
1550.4460000011163	-7.720600012719418
1550.4640000011168	-7.763036072390586
1550.4820000011173	-7.782341292704348
1550.500000001118	-7.892739563924214
1550.5180000011185	-8.337011243988307
1550.536000001119	-9.41549012024449
1550.5540000011194	-11.223632118646085
1550.57200000112	-13.535238323036467
1550.5900000011204	-16.039303324590477
1550.608000001121	-18.534458539139482
1550.6260000011214	-20.931581927913715
1550.6440000011219	-23.202812121541427
1550.6620000011224	-25.34663955280387
1550.6800000011228	-27.371247225116694
1550.6980000011233	-29.287521080489014
1550.7160000011238	-31.106332131806674
1550.7340000011243	-32.837591984030574
1550.7520000011248	-34.490019586581454
1550.7700000011253	-36.07117870443409
1550.7880000011257	-37.58760554395218
1550.8060000011264	-39.04495423035078
1550.824000001127	-40.44813297650737
1550.8420000011274	-41.801422463687985
1550.860000001128	-43.108575443617966
1550.8780000011284	-44.372899319140686
1550.8960000011289	-45.597324229053974
1550.9140000011294	-46.78445914230363
1550.9320000011298	-47.93663816870193
1550.9500000011303	-49.05595893177229
1550.9680000011308	-50.14431450808424
1550.9860000011313	-51.20342014409936
1551.0040000011318	-52.234835720191235
1551.0220000011323	-53.239984737280224
1551.0400000011327	-54.22017044697985
1551.0580000011332	-55.17658962378554
1551.0760000011337	-56.11034438107676
1551.0940000011342	-57.02245235611058
1551.1120000011347	-57.913855528406486
1551.1300000011354	-58.785427887529345
1551.1480000011359	-59.63798212759098
1551.1660000011364	-60.472275514733894
1551.1840000011368	-61.28901504881014
1551.2020000011373	-62.0888620201761
1551.2200000011378	-62.87243604600387
1551.2380000011383	-63.640318657004414
1551.2560000011388	-64.393056494363
1551.2740000011393	-65.13116416753489
1551.2920000011397	-65.85512681596644
1551.3100000011402	-66.56540241149683
1551.3280000011407	-67.26242383292492
1551.3460000011412	-67.9466007398054
1551.3640000011417	-68.61832126881646
1551.3820000011422	-69.27795357289693
1551.4000000011426	-69.92584722068455
1551.4180000011431	-70.56233447151735
1551.4360000011438	-71.18773143932486
1551.4540000011443	-71.80233915707541
1551.4720000011448	-72.40644455202231
1551.4900000011453	-73.00032134076308
1551.5080000011458	-73.58423085206569
1551.5260000011463	-74.15842278449593
1551.5440000011467	-74.72313590508247
1551.5620000011472	-75.27859869455936
1551.5800000011477	-75.8250299441194
1551.5980000011482	-76.36263930807934
1551.6160000011487	-76.89162781639219
1551.6340000011492	-77.41218835053058
1551.6520000011496	-77.92450608590488
1551.6700000011501	-78.42875890365956
1551.6880000011506	-78.92511777440899
1551.706000001151	-79.41374711622375
1551.7240000011516	-79.89480512895503
1551.742000001152	-80.36844410678754
1551.7600000011528	-80.83481073073372
1551.7780000011533	-81.29404634262528
1551.7960000011537	-81.74628720201552
1551.8140000011542	-82.19166472728062
1551.8320000011547	-82.63030572209351
1551.8500000011552	-83.06233258834213
1551.8680000011557	-83.4878635264719
1551.8860000011562	-83.90701272414886
1551.9040000011566	-84.31989053406551
1551.9220000011571	-84.72660364164315
1551.9400000011576	-85.1272552233234
1551.958000001158	-85.52194509608546
1551.9760000011586	-85.91076985877586
1551.994000001159	-86.29382302579076
1552.0120000011595	-86.67119515360926
1552.03000000116	-87.04297396063821
1552.0480000011605	-87.40924444079398
1552.0660000011612	-87.77008897121502
1552.0840000011617	-88.1255874144696
1552.1020000011622	-88.47581721559732
1552.1200000011627	-88.82085349429751
1552.1380000011632	-89.16076913255614
1552.1560000011636	-89.49563485798168
1552.1740000011641	-89.8255193231023
1552.1920000011646	-90.15048918085799
1552.210000001165	-90.47060915650698
1552.2280000011656	-90.78594211614936
1552.246000001166	-91.09654913205844
1552.2640000011666	-91.40248954499717
1552.282000001167	-91.70382102368535
1552.3000000011675	-92.00059962157304
1552.318000001168	-92.29287983106494
1552.3360000011685	-92.58071463533187
1552.354000001169	-92.86415555783684
1552.3720000011695	-93.1432527096946
1552.3900000011702	-93.41805483497743
1552.4080000011706	-93.68860935407177
1552.4260000011711	-93.95496240518483
1552.4440000011716	-94.21715888409375
1552.462000001172	-94.47524248222514
1552.4800000011726	-94.72925572314664
1552.498000001173	-94.97923999754823
1552.5160000011736	-95.22523559678619
1552.534000001174	-95.46728174505823
1552.5520000011745	-95.70541663027463
1552.570000001175	-95.93967743368677
1552.5880000011755	-96.17010035833036
1552.606000001176	-96.39672065633823
1552.6240000011765	-96.6195726551738
1552.642000001177	-96.83868978283427
1552.6600000011774	-97.05410459206932
1552.678000001178	-97.26584878365897
1552.6960000011786	-97.47395322879154
1552.714000001179	-97.67844799058139
1552.7320000011796	-97.87936234476243
1552.75000000118	-98.07672479959348
1552.7680000011806	-98.27056311500775
1552.786000001181	-98.46090432103863
1552.8040000011815	-98.64777473555114
1552.822000001182	-98.83119998130782
1552.8400000011825	-99.01120500239563
1552.858000001183	-99.1878140800394
1552.8760000011835	-99.36105084782666
1552.894000001184	-99.53093830636578
1552.9120000011844	-99.69749883740077
1552.930000001185	-99.86075421740216
1552.9480000011854	-100.02072563065475
1552.9660000011859	-100.17743368186075
1552.9840000011864	-100.33089840827583
1553.0020000011868	-100.48113929139589
1553.0200000011876	-100.62817526821013
1553.038000001188	-100.77202474203597
1553.0560000011885	-100.91270559295096
1553.074000001189	-101.05023518783484
1553.0920000011895	-101.18463039003595
1553.11000000119	-101.31590756867394
1553.1280000011905	-101.44408260759123
1553.146000001191	-101.56917091396478
1553.1640000011914	-101.6911874265886
1553.182000001192	-101.81014662383808
1553.2000000011924	-101.9260625313255
1553.2180000011929	-102.03894872925652
1553.2360000011934	-102.14881835949637
1553.2540000011938	-102.25568413235449
1553.2720000011943	-102.35955833309552
1553.2900000011948	-102.46045282818459
1553.3080000011953	-102.55837907127415
1553.326000001196	-102.65334810893924
1553.3440000011965	-102.74537058616795
1553.362000001197	-102.83445675161339
1553.3800000011975	-102.92061646261287
1553.398000001198	-103.0038591899803
1553.4160000011984	-103.08419402257695
1553.434000001199	-103.16162967166555
1553.4520000011994	-103.23617447505298
1553.4700000011999	-103.30783640102523
1553.4880000012004	-103.37662305207985
1553.5060000012008	-103.4425416684592
1553.5240000012013	-103.50559913148848
1553.5420000012018	-103.56580196672225
1553.5600000012023	-103.62315634690232
1553.5780000012028	-103.67766809473055
1553.5960000012033	-103.72934268545903
1553.6140000012037	-103.77818524930058
1553.6320000012045	-103.82420057366168
1553.650000001205	-103.86739310520049
1553.6680000012054	-103.90776695171147
1553.686000001206	-103.9453258838389
1553.7040000012064	-103.98007333662085
1553.7220000012069	-104.01201241086454
1553.7400000012074	-104.04114587435541
1553.7580000012078	-104.06747616289975
1553.7760000012083	-104.09100538120283
1553.7940000012088	-104.11173530358262
1553.8120000012093	-104.12966737451987
1553.8300000012098	-104.14480270904498
1553.8480000012103	-104.1571420929616
1553.8660000012108	-104.16668598290724
1553.8840000012112	-104.17343450625046
1553.9020000012117	-104.1773874608246
1553.9200000012122	-104.17854431449706
1553.9380000012127	-104.17690420457397
1553.9560000012134	-104.17246593703874
1553.9740000012139	-104.16522798562396
1553.9920000012144	-104.15518849071498
1554.0100000012148	-104.14234525808388
1554.0280000012153	-104.1266957574521
1554.0460000012158	-104.10823712087996
1554.0640000012163	-104.08696614098078
1554.0820000012168	-104.06287926895763
1554.1000000012173	-104.03597261245994
1554.1180000012178	-104.00624193325748
1554.1360000012182	-103.97368264472865
1554.1540000012187	-103.93828980915985
1554.1720000012192	-103.90005813485296
1554.1900000012197	-103.85898197303645
1554.2080000012202	-103.81505531457732
1554.2260000012207	-103.76827178648865
1554.2440000012211	-103.7186246482291
1554.2620000012218	-103.66610678778923
1554.2800000012223	-103.6107107175598
1554.2980000012228	-103.5524285699767
1554.3160000012233	-103.49125209293696
1554.3340000012238	-103.4271726449797
1554.3520000012243	-103.36018119022594
1554.3700000012248	-103.29026829307048
1554.3880000012252	-103.21742411261896
1554.4060000012257	-103.14163839686232
1554.4240000012262	-103.0629004765815
1554.4420000012267	-102.9811992589733
1554.4600000012272	-102.89652322098938
1554.4780000012277	-102.80886040237887
1554.4960000012281	-102.71819839842482
1554.5140000012286	-102.62452435236474
1554.532000001229	-102.527824947484
1554.5500000012296	-102.428086398871
1554.56800000123	-102.32529444482209
1554.5860000012308	-102.2194343378839
1554.6040000012313	-102.11049083551947
1554.6220000012318	-101.99844819038445
1554.6400000012322	-101.88329014019874
1554.6580000012327	-101.76499989719775
1554.6760000012332	-101.64356013714738
1554.6940000012337	-101.51895298790491
1554.7120000012342	-101.39116001750837
1554.7300000012347	-101.2601622217745
1554.7480000012351	-101.1259400113855
1554.7660000012356	-100.98847319844324
1554.784000001236	-100.84774098246803
1554.8020000012366	-100.70372193581863
1554.820000001237	-100.55639398850813
1554.8380000012376	-100.40573441238892
1554.856000001238	-100.25171980467928
1554.8740000012385	-100.09432607080117
1554.8920000012392	-99.9335284064985
1554.9100000012397	-99.7693012792019
1554.9280000012402	-99.60161840860556
1554.9460000012407	-99.43045274641835
1554.9640000012412	-99.2557764552496
1554.9820000012417	-99.07756088658817
