1510.0	-98.99212286416996
1510.0180000000005	-98.85758693164982
1510.036000000001	-98.719899453567
1510.0540000000015	-98.57904328811104
1510.072000000002	-98.43500077817052
1510.0900000000024	-98.28775374128527
1510.108000000003	-98.13728345920332
1510.1260000000034	-97.98357066702945
1510.1440000000039	-97.82659554194944
1510.1620000000044	-97.6663376915151
1510.1800000000048	-97.50277614147316
1510.1980000000053	-97.33588932312068
1510.2160000000058	-97.1656550601686
1510.2340000000063	-96.9920505550952
1510.252000000007	-96.8150523749674
1510.2700000000075	-96.63463643671074
1510.288000000008	-96.45077799180449
1510.3060000000085	-96.26345161037796
1510.324000000009	-96.07263116468482
1510.3420000000094	-95.87828981192756
1510.36000000001	-95.68039997640608
1510.3780000000104	-95.47893333095993
1510.3960000000109	-95.27386077767532
1510.4140000000114	-95.06515242782298
1510.4320000000118	-94.85277758099457
1510.4500000000123	-94.63670470339966
1510.4680000000128	-94.41690140528807
1510.4860000000133	-94.19333441745488
1510.5040000000138	-93.96596956678786
1510.5220000000143	-93.73477175081123
1510.5400000000147	-93.49970491117993
1510.5580000000155	-93.26073200607249
1510.576000000016	-93.01781498143174
1510.5940000000164	-92.77091474099562
1510.612000000017	-92.51999111505994
1510.6300000000174	-92.26500282790924
1510.6480000000179	-92.00590746384978
1510.6660000000184	-91.74266143177337
1510.6840000000188	-91.47521992817778
1510.7020000000193	-91.20353689856229
1510.7200000000198	-90.92756499711604
1510.7380000000203	-90.64725554460672
1510.7560000000208	-90.36255848437511
1510.7740000000213	-90.07342233633302
1510.7920000000217	-89.77979414885623
1510.8100000000222	-89.48161944845639
1510.8280000000227	-89.17884218710712
1510.8460000000232	-88.87140468709681
1510.8640000000237	-88.55924758326056
1510.8820000000244	-88.24230976244871
1510.9000000000249	-87.92052830006398
1510.9180000000254	-87.59383839350122
1510.9360000000258	-87.26217329230168
1510.9540000000263	-86.9254642248272
1510.9720000000268	-86.58364032123993
1510.9900000000273	-86.2366285325653
1511.0080000000278	-85.88435354558843
1511.0260000000283	-85.5267376933287
1511.0440000000287	-85.16370086080525
1511.0620000000292	-84.79516038579389
1511.0800000000297	-84.42103095424658
1511.0980000000302	-84.04122449002365
1511.1160000000307	-83.65565003855536
1511.1340000000312	-83.2642136440255
1511.1520000000316	-82.86681821963018
1511.1700000000321	-82.46336341043335
1511.1880000000328	-82.05374544829755
1511.2060000000333	-81.63785699832371
1511.2240000000338	-81.2155869961901
1511.2420000000343	-80.78682047572137
1511.2600000000348	-80.3514383859644
1511.2780000000353	-79.90931739697987
1511.2960000000357	-79.46032969349136
1511.3140000000362	-79.00434275544856
1511.3320000000367	-78.54121912447903
1511.3500000000372	-78.07081615510499
1511.3680000000377	-77.59298574948987
1511.3860000000382	-77.10757407436482
1511.4040000000386	-76.61442125864761
1511.4220000000391	-76.11336107012067
1511.4400000000396	-75.60422056936342
1511.45800000004	-75.08681973895212
1511.4760000000406	-74.56097108573027
1511.494000000041	-74.02647921371218
1511.5120000000418	-73.48314036492515
1511.5300000000423	-72.93074192518895
1511.5480000000427	-72.36906189150152
1511.5660000000432	-71.7978682973062
1511.5840000000437	-71.21691859149435
1511.6020000000442	-70.62595896649233
1511.6200000000447	-70.02472363022375
1511.6380000000452	-69.41293401609283
1511.6560000000457	-68.79029792439896
1511.6740000000461	-68.15650858774164
1511.6920000000466	-67.51124365200633
1511.710000000047	-66.85416406339147
1511.7280000000476	-66.1849128506351
1511.746000000048	-65.50311379009261
1511.7640000000486	-64.80836993954604
1511.782000000049	-64.10026202458187
1511.8000000000495	-63.378346658954484
1511.8180000000502	-62.6421543775211
1511.8360000000507	-61.891187457004115
1511.8540000000512	-61.124917495860004
1511.8720000000517	-60.34278271985163
1511.8900000000522	-59.544184974306546
1511.9080000000527	-58.72848635731772
1511.9260000000531	-57.89500544008541
1511.9440000000536	-57.043013010824026
1511.962000000054	-56.17172726682866
1511.9800000000546	-55.28030836487801
1511.998000000055	-54.36785222247323
1512.0160000000556	-53.43338344069135
1512.034000000056	-52.47584719255735
1512.0520000000565	-51.49409988745126
1512.070000000057	-50.48689838037059
1512.0880000000575	-49.45288744254909
1512.106000000058	-48.39058514397532
1512.1240000000587	-47.29836571482308
1512.1420000000592	-46.174439346671065
1512.1600000000597	-45.016828259136176
1512.1780000000601	-43.82333818505376
1512.1960000000606	-42.59152420770797
1512.214000000061	-41.318649605738564
1512.2320000000616	-40.00163601462152
1512.250000000062	-38.63700279305522
1512.2680000000626	-37.22079300121663
1512.286000000063	-35.74848291621346
1512.3040000000635	-34.21487170457671
1512.322000000064	-32.61394819400255
1512.3400000000645	-30.938733737721783
1512.358000000065	-29.181106587998254
1512.3760000000655	-27.33163035147491
1512.394000000066	-25.379452481309073
1512.4120000000664	-23.312446694944985
1512.430000000067	-21.11804157095972
1512.4480000000676	-18.78584410745495
1512.466000000068	-16.31478043680902
1512.4840000000686	-13.730963666622689
1512.502000000069	-11.127084782800045
1512.5200000000696	-8.723443212610286
1512.53800000007	-6.868243435196089
1512.5560000000705	-5.804302618234216
1512.574000000071	-5.39924674814165
1512.5920000000715	-5.313743916439644
1512.610000000072	-5.298795716693158
1512.6280000000725	-5.250779693460918
1512.646000000073	-5.152879502973404
1512.6640000000734	-5.025435761445923
1512.682000000074	-4.898786029888839
1512.7000000000744	-4.798665237099348
1512.7180000000749	-4.738685304306757
1512.7360000000754	-4.71854158569542
1512.754000000076	-4.72693262465655
1512.7720000000766	-4.746946624240963
1512.790000000077	-4.761331784180709
1512.8080000000775	-4.756102457201661
1512.826000000078	-4.722262684643909
1512.8440000000785	-4.6561641849952515
1512.862000000079	-4.559105324452343
1512.8800000000795	-4.4365611069680915
1512.89800000008	-4.297191801637825
1512.9160000000804	-4.15163222560331
1512.934000000081	-4.011045142809376
1512.9520000000814	-3.885518272241363
1512.9700000000819	-3.7825408020274587
1512.9880000000824	-3.705910809810726
1513.0060000000828	-3.6553930073107557
1513.0240000000833	-3.6272406587738626
1513.0420000000838	-3.615416238201936
1513.0600000000843	-3.6131496925955435
1513.078000000085	-3.6144485338328307
1513.0960000000855	-3.6152836888041695
1513.114000000086	-3.614316788179963
1513.1320000000865	-3.613129918667318
1513.150000000087	-3.615953405759223
1513.1680000000874	-3.628897314119995
1513.186000000088	-3.658731133144329
1513.2040000000884	-3.711356860469788
1513.2220000000889	-3.790263565244567
1513.2400000000894	-3.8953535554238714
1513.2580000000899	-4.022490974746883
1513.2760000000903	-4.163915795920683
1513.2940000000908	-4.309386968119522
1513.3120000000913	-4.447725376208607
1513.3300000000918	-4.568410481486867
1513.3480000000923	-4.663008062989193
1513.3660000000928	-4.7263611341643905
1513.3840000000935	-4.757563855175167
1513.402000000094	-4.760708942769459
1513.4200000000944	-4.745243308213206
1513.438000000095	-4.725519789768467
1513.4560000000954	-4.7189290771533825
1513.4740000000959	-4.74212831261298
1513.4920000000964	-4.805680806254997
1513.5100000000969	-4.908771986895276
1513.5280000000973	-5.0366176968512955
1513.5460000000978	-5.162717632261797
1513.5640000000983	-5.256893138739246
1513.5820000000988	-5.3006512827311925
1513.6000000000993	-5.315860975111956
1513.6180000000998	-5.416501610629135
1513.6360000001002	-5.864523362478224
1513.6540000001007	-6.995822674122264
1513.6720000001012	-8.91089534351546
1513.6900000001017	-11.343924354255392
1513.7080000001024	-13.952450461129898
1513.7260000001029	-16.529003218261288
1513.7440000001034	-18.988754826171913
1513.7620000001039	-21.309037574848354
1513.7800000001043	-23.49219475026117
1513.7980000001048	-25.548988559773235
1513.8160000001053	-27.492017416430663
1513.8340000001058	-29.333317522775584
1513.8520000001063	-31.0836217610148
1513.8700000001068	-32.75224958813221
1513.8880000001072	-34.34721901127995
1513.9060000001077	-35.87542014792219
1513.9240000001082	-37.34278980773822
1513.9420000001087	-38.754466677739835
1513.9600000001092	-40.1149225253532
1513.9780000001097	-41.42807071592724
1513.9960000001101	-42.69735517453536
1514.0140000001109	-43.92582316150187
1514.0320000001113	-45.11618489869511
1514.0500000001118	-46.270862597500525
1514.0680000001123	-47.392030961800266
1514.0860000001128	-48.4816508248518
1514.1040000001133	-49.54149723837381
1514.1220000001138	-50.57318305964739
1514.1400000001142	-51.57817886722274
1514.1580000001147	-52.55782986683569
1514.1760000001152	-53.51337031665065
1514.1940000001157	-54.44593589694303
1514.2120000001162	-55.356574367479766
1514.2300000001167	-56.24625479119105
1514.2480000001171	-57.11587555139541
1514.2660000001176	-57.96627134895594
1514.284000000118	-58.79821933294737
1514.3020000001186	-59.61244449204162
1514.320000000119	-60.40962441246373
1514.3380000001198	-61.19039349101284
1514.3560000001203	-61.95534667745713
1514.3740000001208	-62.705042808972124
1514.3920000001212	-63.4400075896919
1514.4100000001217	-64.16073626048771
1514.4280000001222	-64.86769599748328
1514.4460000001227	-65.56132807227934
1514.4640000001232	-66.24204980224152
1514.4820000001237	-66.91025631529774
1514.5000000001241	-67.56632215039518
1514.5180000001246	-68.21060271198259
1514.5360000001251	-68.84343559449552
1514.5540000001256	-69.46514179080131
1514.572000000126	-70.07602679681762
1514.5900000001266	-70.67638162302741
1514.608000000127	-71.26648372232762
1514.6260000001275	-71.84659784253475
1514.6440000001282	-72.41697681091017
1514.6620000001287	-72.97786225722886
1514.6800000001292	-73.52948528118917
1514.6980000001297	-74.07206706932158
1514.7160000001302	-74.60581946599932
1514.7340000001307	-75.13094550266628
1514.7520000001311	-75.64763988896401
1514.7700000001316	-76.15608946906343
1514.7880000001321	-76.65647364617516
1514.8060000001326	-77.1489647779081
1514.824000000133	-77.63372854489461
1514.8420000001336	-78.11092429485674
1514.860000000134	-78.58070536408918
1514.8780000001345	-79.04321937814493
1514.896000000135	-79.49860853334401
1514.9140000001355	-79.94700986058199
1514.932000000136	-80.38855547277751
1514.9500000001365	-80.82337279718418
1514.9680000001372	-81.2515847936798
1514.9860000001377	-81.67331016005546
1515.0040000001381	-82.08866352523556
1515.0220000001386	-82.49775563128412
1515.0400000001391	-82.90069350498163
1515.0580000001396	-83.2975806196907
1515.07600000014	-83.68851704817413
1515.0940000001406	-84.07359960697187
1515.112000000141	-84.45292199289972
1515.1300000001415	-84.82657491218578
1515.148000000142	-85.19464620272237
1515.1660000001425	-85.557220949874
1515.184000000143	-85.91438159625042
1515.2020000001435	-86.26620804582146
1515.220000000144	-86.61277776272425
1515.2380000001444	-86.95416586508662
1515.256000000145	-87.29044521416911
1515.2740000001456	-87.62168649910423
1515.2920000001461	-87.94795831749468
1515.3100000001466	-88.2693272521102
1515.328000000147	-88.58585794391266
1515.3460000001476	-88.89761316161463
1515.364000000148	-89.20465386797184
1515.3820000001485	-89.5070392829902
1515.400000000149	-89.80482694421836
1515.4180000001495	-90.09807276428694
1515.43600000015	-90.38683108584236
1515.4540000001505	-90.67115473401644
1515.472000000151	-90.95109506656156
1515.4900000001514	-91.22670202177571
1515.508000000152	-91.49802416433131
1515.5260000001524	-91.76510872911606
1515.544000000153	-92.02800166318877
1515.5620000001534	-92.28674766594258
1515.5800000001539	-92.54139022756922
1515.5980000001546	-92.79197166590434
1515.616000000155	-93.03853316173685
1515.6340000001555	-93.28111479265473
1515.652000000156	-93.51975556549894
1515.6700000001565	-93.75449344749087
1515.688000000157	-93.98536539609694
1515.7060000001575	-94.21240738768839
1515.724000000158	-94.43565444505253
1515.7420000001584	-94.6551406638086
1515.760000000159	-94.87089923777643
1515.7780000001594	-95.08296248334696
1515.79600000016	-95.2913618628974
1515.8140000001604	-95.4961280072937
1515.8320000001609	-95.69729073752089
1515.8500000001613	-95.89487908547754
1515.8680000001618	-96.08892131397121
1515.8860000001623	-96.27944493594869
1515.904000000163	-96.46647673299184
1515.9220000001635	-96.65004277311147
1515.940000000164	-96.83016842786631
1515.9580000001645	-97.00687838883566
1515.976000000165	-97.1801966834706
1515.9940000001654	-97.35014669034985
1516.012000000166	-97.51675115386246
1516.0300000001664	-97.68003219833992
1516.048000000167	-97.84001134165956
1516.0660000001674	-97.99670950833814
1516.0840000001679	-98.15014704213588
1516.1020000001683	-98.30034371818799
1516.1200000001688	-98.4473187546822
1516.1380000001693	-98.59109082409788
1516.1560000001698	-98.73167806402223
1516.1740000001703	-98.8690980875594
1516.1920000001708	-99.0033679933455
1516.2100000001712	-99.13450437518401
1516.228000000172	-99.26252333131356
1516.2460000001724	-99.38744047332091
1516.264000000173	-99.50927093471022
1516.2820000001734	-99.62802937914009
1516.300000000174	-99.74373000833873
1516.3180000001744	-99.85638656970681
1516.3360000001749	-99.96601236361847
1516.3540000001753	-100.07262025042827
1516.3720000001758	-100.17622265719402
1516.3900000001763	-100.27683158412243
1516.4080000001768	-100.37445861074642
1516.4260000001773	-100.46911490184031
1516.4440000001778	-100.56081121308122
1516.4620000001783	-100.64955789646197
1516.4800000001787	-100.73536490546292
1516.4980000001792	-100.81824179998799
1516.5160000001797	-100.89819775107067
1516.5340000001804	-100.97524154535557
1516.552000000181	-101.04938158936045
1516.5700000001814	-101.12062591352316
1516.5880000001819	-101.18898217603865
1516.6060000001823	-101.2544576664895
1516.6240000001828	-101.31705930927458
1516.6420000001833	-101.37679366683919
1516.6600000001838	-101.4336669427102
1516.6780000001843	-101.48768498433944
1516.6960000001848	-101.53885328575846
1516.7140000001853	-101.58717699004727
1516.7320000001857	-101.63266089161962
1516.7500000001862	-101.6753094383273
1516.7680000001867	-101.71512673338566
1516.7860000001872	-101.75211653712181
1516.8040000001877	-101.78628226854786
1516.8220000001882	-101.81762700676043
1516.8400000001886	-101.84615349216747
1516.8580000001893	-101.87186412754428
1516.8760000001898	-101.89476097891887
1516.8940000001903	-101.91484577628802
1516.9120000001908	-101.93211991416413
1516.9300000001913	-101.94658445195387
1516.9480000001918	-101.95824011416805
1516.9660000001923	-101.9670872904633
1516.9840000001927	-101.97312603551532
1517.0020000001932	-101.97635606872294
1517.0200000001937	-101.97677677374293
1517.0380000001942	-101.97438719785453
1517.0560000001947	-101.96918605115272
1517.0740000001952	-101.96117170556934
1517.0920000001956	-101.95034219372054
1517.1100000001961	-101.93669520757902
1517.1280000001966	-101.92022809696952
1517.146000000197	-101.90093786788532
1517.1640000001978	-101.87882118062382
1517.1820000001983	-101.85387434773894
1517.2000000001988	-101.82609333180721
1517.2180000001993	-101.7954737430056
1517.2360000001997	-101.76201083649701
1517.2540000002002	-101.7256995096212
1517.2720000002007	-101.68653429888661
1517.2900000002012	-101.6445093767601
1517.3080000002017	-101.59961854825012
1517.3260000002022	-101.55185524727897
1517.3440000002026	-101.50121253283973
1517.3620000002031	-101.447683084933
1517.3800000002036	-101.39125920027809
1517.398000000204	-101.33193278779271
1517.4160000002046	-101.26969536383658
1517.434000000205	-101.20453804721144
1517.4520000002055	-101.13645155391153
1517.4700000002063	-101.06542619161758
1517.4880000002067	-100.99145185392697
1517.5060000002072	-100.9145180143125
1517.5240000002077	-100.83461371980114
1517.5420000002082	-100.75172758436473
1517.5600000002087	-100.6658477820134
1517.5780000002092	-100.57696203958227
1517.5960000002096	-100.48505762920078
1517.6140000002101	-100.39012136043526
1517.6320000002106	-100.29213957209235
1517.650000000211	-100.19109812367232
1517.6680000002116	-100.08698238645957
1517.686000000212	-99.97977723423756
1517.7040000002125	-99.86946703361386
1517.722000000213	-99.75603563394205
1517.7400000002135	-99.63946635682339
1517.758000000214	-99.51974198517439
1517.7760000002145	-99.39684475184164
1517.7940000002152	-99.27075632774667
1517.8120000002157	-99.14145780954257
1517.8300000002162	-99.00892970676175
1517.8480000002166	-98.87315192843438
1517.8660000002171	-98.73410376915561
1517.8840000002176	-98.5917638945779
1517.902000000218	-98.44611032630431
1517.9200000002186	-98.29712042615661
1517.938000000219	-98.14477087979125
1517.9560000002195	-97.98903767963347
1517.97400000022	-97.82989610710047
1517.9920000002205	-97.66732071407924
1518.010000000221	-97.50128530362738
1518.0280000002215	-97.3317629098588
1518.046000000222	-97.1587257769768
1518.0640000002224	-96.98214533741451
1518.082000000223	-96.80199218903917
1518.1000000002236	-96.61823607137458
1518.1180000002241	-96.4308458407948
1518.1360000002246	-96.23978944463632
1518.154000000225	-96.04503389417542
1518.1720000002256	-95.84654523641325
1518.190000000226	-95.64428852460648
1518.2080000002265	-95.43822778747925
1518.226000000227	-95.22832599704691
1518.2440000002275	-95.01454503497763
1518.262000000228	-94.79684565741358
1518.2800000002285	-94.57518745816849
1518.298000000229	-94.34952883021063
1518.3160000002295	-94.11982692533927
1518.33400000023	-93.88603761194952
1518.3520000002304	-93.64811543077904
1518.370000000231	-93.4060135485209
1518.3880000002314	-93.15968370917652
1518.4060000002319	-92.90907618301809
1518.4240000002326	-92.65413971301612
1518.442000000233	-92.3948214585812
1518.4600000002335	-92.13106693645416
1518.478000000234	-91.8628199585713
1518.4960000002345	-91.59002256671263
1518.514000000235	-91.31261496373264
1518.5320000002355	-91.03053544115282
1518.550000000236	-90.74372030287961
1518.5680000002365	-90.45210378479624
1518.586000000237	-90.15561796994999
1518.6040000002374	-89.85419269904105
1518.622000000238	-89.54775547589068
1518.6400000002384	-89.23623136754154
1518.6580000002389	-88.91954289861323
1518.6760000002394	-88.5976099395057
1518.6940000002398	-88.2703495880054
1518.7120000002403	-87.93767604381237
1518.730000000241	-87.59950047546457
1518.7480000002415	-87.25573087908438
1518.766000000242	-86.90627192832679
1518.7840000002425	-86.55102481484423
1518.802000000243	-86.18988707852401
1518.8200000002435	-85.82275242668139
1518.838000000244	-85.4495105413131
1518.8560000002444	-85.07004687342598
1518.874000000245	-84.68424242336297
1518.8920000002454	-84.29197350593111
1518.9100000002459	-83.89311149902218
1518.9280000002464	-83.48752257427267
1518.9460000002468	-83.07506740815938
1518.9640000002473	-82.65560087175237
1518.9820000002478	-82.22897169715156
1519.0000000002483	-81.7950221184126
1519.0180000002488	-81.35358748451816
1519.0360000002493	-80.90449584166973
1519.05400000025	-80.44756748184821
1519.0720000002505	-79.98261445423644
1519.090000000251	-79.50944003566794
1519.1080000002514	-79.02783815579896
1519.126000000252	-78.53759277215386
1519.1440000002524	-78.03847718956229
1519.1620000002529	-77.5302533177975
1519.1800000002534	-77.01267086038162
1519.1980000002538	-76.48546642657804
1519.2160000002543	-75.94836255746753
1519.2340000002548	-75.40106665572543
1519.2520000002553	-74.84326980720378
1519.2700000002558	-74.27464548068274
1519.2880000002563	-73.69484809009491
1519.3060000002567	-73.10351140113048
1519.3240000002572	-72.50024676131208
1519.3420000002577	-71.88464112929597
1519.3600000002584	-71.25625487524826
1519.378000000259	-70.61461931950446
1519.3960000002594	-69.95923397124079
1519.4140000002599	-69.28956342238591
1519.4320000002604	-68.60503384429325
1519.4500000002608	-67.90502902555514
1519.4680000002613	-67.18888587850782
1519.4860000002618	-66.45588932918103
1519.5040000002623	-65.7052664903732
1519.5220000002628	-64.9361799999365
1519.5400000002633	-64.14772038601784
1519.5580000002637	-63.33889729793472
1519.5760000002642	-62.50862941599784
1519.5940000002647	-61.65573282710169
1519.6120000002652	-60.77890762798886
1519.6300000002657	-59.87672250011389
1519.6480000002662	-58.947596999139414
1519.6660000002666	-57.98978133725107
1519.6840000002674	-57.001333542143186
1519.7020000002678	-55.98009411567105
1519.7200000002683	-54.92365880217327
1519.7380000002688	-53.82935102054407
1519.7560000002693	-52.69419729989907
1519.7740000002698	-51.514912398722394
1519.7920000002703	-50.2879070113925
1519.8100000002707	-49.009342567529714
1519.8280000002712	-47.675279281112076
1519.8460000002717	-46.28200395039859
1519.8640000002722	-44.826698418332526
1519.8820000002727	-43.30874273251287
1519.9000000002732	-41.73216744167899
1519.9180000002737	-40.11006402376077
1519.9360000002741	-38.47188850458785
1519.9540000002746	-36.87354781754973
1519.972000000275	-35.40551020351751
1519.9900000002758	-34.18449891552903
1520.0080000002763	-33.31167565000135
1520.0260000002768	-32.81287746175249
1520.0440000002773	-32.62029757333947
1520.0620000002777	-32.61810978440654
1520.0800000002782	-32.69933124866229
1520.0980000002787	-32.790654743627904
1520.1160000002792	-32.85056261869096
1520.1340000002797	-32.85920919409606
1520.1520000002802	-32.809519875277175
1520.1700000002807	-32.70141391999472
1520.1880000002811	-32.538500846383364
1520.2060000002816	-32.32631663727574
1520.224000000282	-32.071431389930254
1520.2420000002826	-31.78102698411774
1520.260000000283	-31.462717721348522
1520.2780000002836	-31.124486365439417
1520.296000000284	-30.77466127717541
1520.3140000002848	-30.42188767175549
1520.3320000002852	-30.07505968862269
1520.3500000002857	-29.7431873723459
1520.3680000002862	-29.435178908050972
1520.3860000002867	-29.15952760799601
1520.4040000002872	-28.92390834668795
1520.4220000002877	-28.734710418892885
1520.4400000002881	-28.596560128149584
1520.4580000002886	-28.511908608169936
1520.476000000289	-28.480766989006554
1520.4940000002896	-28.50065320968173
1520.51200000029	-28.5667733628468
1520.5300000002906	-28.672408392937974
1520.548000000291	-28.809433692745216
1520.5660000002915	-28.968879881048917
1520.584000000292	-29.141451036243144
1520.6020000002925	-29.31794357871105
1520.6200000002932	-29.489541734866968
1520.6380000002937	-29.64799343404421
1520.6560000002942	-29.785688827841685
1520.6740000002947	-29.895672962204113
1520.6920000002951	-29.97162808640663
1520.7100000002956	-30.00786428673856
1520.728000000296	-29.999364425483023
1520.7460000002966	-29.941946074996217
1520.764000000297	-29.83263593987332
1520.7820000002976	-29.67040953232848
1520.800000000298	-29.45753737225357
1520.8180000002985	-29.20188738220734
1520.836000000299	-28.92057761509241
1520.8540000002995	-28.645063222806137
1520.8720000003	-28.42639050153408
1520.8900000003005	-28.336154901071392
1520.908000000301	-28.45509169652736
1520.9260000003014	-28.84494329207211
1520.9440000003021	-29.517352214987515
1520.9620000003026	-30.427201704324208
1520.980000000303	-31.49727646279356
1520.9980000003036	-32.650394368809906
1521.016000000304	-33.827387147389004
1521.0340000003046	-34.98982263423393
1521.052000000305	-36.11560279227848
1521.0700000003055	-37.19349160612824
1521.088000000306	-38.2188317891693
1521.1060000003065	-39.19070935198008
1521.124000000307	-40.11022111759182
1521.1420000003075	-40.979461459137696
1521.160000000308	-41.80094661667758
1521.1780000003084	-42.57729632559008
1521.196000000309	-43.3110640087214
1521.2140000003094	-44.00465168699643
1521.2320000003099	-44.66027258124038
1521.2500000003106	-45.27994004916383
1521.268000000311	-45.865470582489934
1521.2860000003116	-46.41849384134944
1521.304000000312	-46.940465742986035
1521.3220000003125	-47.432682382837626
1521.340000000313	-47.89629358541337
1521.3580000003135	-48.332315469662966
1521.376000000314	-48.74164174820984
1521.3940000003145	-49.125053666359435
1521.412000000315	-49.483228586424076
1521.4300000003154	-49.816747271643024
1521.448000000316	-50.12609994303881
1521.4660000003164	-50.411691184443285
1521.4840000003169	-50.67384376289773
1521.5020000003174	-50.91280141788293
1521.5200000003179	-51.12873065555394
1521.5380000003183	-51.321721564430554
1521.5560000003188	-51.49178764711924
1521.5740000003195	-51.63886463831868
1521.59200000032	-51.7628082519581
1521.6100000003205	-51.863390768682535
1521.628000000321	-51.94029633754424
1521.6460000003215	-51.99311482053048
1521.664000000322	-52.021333952656796
1521.6820000003224	-52.02432951987493
1521.700000000323	-52.001353166710416
1521.7180000003234	-51.9515173279234
1521.7360000003239	-51.873776623232516
1521.7540000003244	-51.766904846345554
1521.7720000003249	-51.62946639778785
1521.7900000003253	-51.459780623759706
1521.8080000003258	-51.255876983563276
1521.8260000003263	-51.01543820494642
1521.8440000003268	-50.73572749061512
1521.8620000003273	-50.41349423862946
1521.880000000328	-50.04485036021993
1521.8980000003285	-49.62510567341254
1521.916000000329	-49.14854527388317
1521.9340000003294	-48.60812296418168
1521.95200000033	-47.99503054218842
1521.9700000003304	-47.29807906504189
1521.9880000003309	-46.50278799413691
1522.0060000003314	-45.59000855046504
1522.0240000003319	-44.533786601617614
1522.0420000003323	-43.29796775718027
1522.0600000003328	-41.830772516208796
1522.0780000003333	-40.05664746049918
1522.0960000003338	-37.86864572995409
1522.1140000003343	-35.15891324814105
1522.1320000003348	-32.169740411867295
1522.1500000003352	-30.93090798884201
1522.1680000003357	-33.089881758203994
1522.1860000003362	-36.01424627182753
1522.204000000337	-38.46959303902368
1522.2220000003374	-40.42613304550151
1522.240000000338	-42.0003297822203
1522.2580000003384	-43.285676492787715
1522.2760000003389	-44.34577508532776
1522.2940000003393	-45.223215397669875
1522.3120000003398	-45.94668104729686
1522.3300000003403	-46.53544805305296
1522.3480000003408	-47.002108793199405
1522.3660000003413	-47.35418155933758
1522.3840000003418	-47.59499662153946
1522.4020000003422	-47.724063953375406
1522.4200000003427	-47.73700351351024
1522.4380000003432	-47.62501992742743
1522.4560000003437	-47.373796492995695
1522.4740000003442	-46.961530734399304
1522.4920000003447	-46.35558114830523
1522.5100000003454	-45.50678105825967
1522.5280000003459	-44.340041340380964
1522.5460000003463	-42.74158574985701
1522.5640000003468	-40.56689615775001
1522.5820000003473	-37.90769505992317
1522.6000000003478	-36.714001931564646
1522.6180000003483	-39.465182594903546
1522.6360000003488	-43.205884788826566
1522.6540000003492	-46.40198233000247
1522.6720000003497	-49.04815923949027
1522.6900000003502	-51.29122195252242
1522.7080000003507	-53.241446097399205
1522.7260000003512	-54.97241955791288
1522.7440000003517	-56.533749467244256
1522.7620000003521	-57.959944062313696
1522.7800000003526	-59.27580946634745
1522.798000000353	-60.499717235797014
1522.8160000003538	-61.645633124693894
1522.8340000003543	-62.72441649799953
1522.8520000003548	-63.74467850461543
1522.8700000003553	-64.71336512717605
1522.8880000003558	-65.63616358071877
1522.9060000003562	-66.51779215735755
1522.9240000003567	-67.36221123614568
1522.9420000003572	-68.17277975783382
1522.9600000003577	-68.95237319872743
1522.9780000003582	-69.70347385798424
1522.9960000003587	-70.42824089925128
1523.0140000003591	-71.12856536062522
1523.0320000003596	-71.80611384787656
1523.0500000003601	-72.4623635985934
1523.0680000003606	-73.0986308891721
1523.086000000361	-73.71609425029898
1523.1040000003616	-74.31581359336936
1523.122000000362	-74.89874608631706
1523.1400000003628	-75.46575942315823
1523.1580000003632	-76.01764298709747
1523.1760000003637	-76.55511729845635
1523.1940000003642	-77.07884205624603
1523.2120000003647	-77.58942301905539
1523.2300000003652	-78.08741792211706
1523.2480000003657	-78.57334158940093
1523.2660000003661	-79.04767036974397
1523.2840000003666	-79.5108460024302
1523.3020000003671	-79.96327899886084
1523.3200000003676	-80.4053516119105
1523.338000000368	-80.83742045244159
1523.3560000003686	-81.25981880262606
1523.374000000369	-81.67285866770989
1523.3920000003695	-82.07683260130045
1523.41000000037	-82.47201533384933
1523.4280000003705	-82.85866522953921
1523.4460000003712	-83.23702559306666
1523.4640000003717	-83.60732584471822
1523.4820000003722	-83.96978257953751
1523.5000000003727	-84.32460052419736
1523.5180000003731	-84.67197340335042
1523.5360000003736	-85.01208472566202
1523.5540000003741	-85.34510849840788
1523.5720000003746	-85.67120987837822
1523.590000000375	-85.99054576586278
1523.6080000003756	-86.30326534765996
1523.626000000376	-86.6095105943284
1523.6440000003765	-86.90941671628866
1523.662000000377	-87.20311258283857
1523.6800000003775	-87.49072110768479
1523.698000000378	-87.77235960418412
1523.7160000003785	-88.04814011313697
1523.734000000379	-88.31816970566392
1523.7520000003794	-88.58255076342584
1523.7700000003802	-88.84138123820966
1523.7880000003806	-89.09475489269055
1523.8060000003811	-89.34276152399877
1523.8240000003816	-89.58548717155224
1523.842000000382	-89.82301431047378
1523.8600000003826	-90.05542203178149
1523.878000000383	-90.28278621042585
1523.8960000003835	-90.5051796621473
1523.914000000384	-90.72267229003442
1523.9320000003845	-90.93533122158314
1523.950000000385	-91.14322093698375
1523.9680000003855	-91.34640338929759
1523.986000000386	-91.54493811712663
1524.0040000003864	-91.73888235032572
1524.022000000387	-91.92829110926084
1524.0400000003874	-92.11321729807227
1524.058000000388	-92.29371179236469
1524.0760000003886	-92.46982352170977
1524.094000000389	-92.64159954731502
1524.1120000003896	-92.80908513518547
1524.13000000039	-92.97232382507617
1524.1480000003905	-93.13135749551209
1524.166000000391	-93.28622642512842
1524.1840000003915	-93.43696935056614
1524.202000000392	-93.5836235211381
1524.2200000003925	-93.72622475046575
1524.238000000393	-93.86480746527118
1524.2560000003934	-93.99940475149486
1524.274000000394	-94.13004839789743
1524.2920000003944	-94.25676893729178
1524.310000000395	-94.37959568554218
1524.3280000003954	-94.4985567784549
1524.3460000003959	-94.61367920667912
1524.3640000003963	-94.72498884872584
1524.3820000003968	-94.83251050220561
1524.4000000003975	-94.93626791338023
1524.418000000398	-95.03628380511418
1524.4360000003985	-95.13257990330858
1524.454000000399	-95.22517696189261
1524.4720000003995	-95.31409478644257
1524.4900000004	-95.39935225649536
1524.5080000004004	-95.4809673466161
1524.526000000401	-95.55895714627789
1524.5440000004014	-95.63333787860623
1524.562000000402	-95.70412491803768
1524.5800000004024	-95.77133280693836
1524.5980000004029	-95.83497527122557
1524.6160000004033	-95.89506523503206
1524.6340000004038	-95.95161483444984
1524.6520000004043	-96.00463543038822
1524.6700000004048	-96.05413762057742
1524.6880000004053	-96.10013125074792
1524.706000000406	-96.14262542501258
1524.7240000004065	-96.18162851547673
1524.742000000407	-96.21714817109954
1524.7600000004074	-96.2491913258282
1524.778000000408	-96.27776420602494
1524.7960000004084	-96.30287233720333
1524.814000000409	-96.32452055009254
1524.8320000004094	-96.34271298604179
1524.8500000004099	-96.35745310178031
1524.8680000004103	-96.3687436735433
1524.8860000004108	-96.37658680057493
1524.9040000004113	-96.38098390801753
1524.9220000004118	-96.3819357491941
1524.9400000004123	-96.37944240729138
1524.9580000004128	-96.37350329644869
1524.9760000004133	-96.36411716225564
1524.9940000004137	-96.35128208166292
1525.0120000004142	-96.3349954623067
1525.030000000415	-96.31525404124775
1525.0480000004154	-96.29205388312428
1525.066000000416	-96.26539037771651
1525.0840000004164	-96.23525823692057
1525.1020000004169	-96.20165149112643
1525.1200000004173	-96.16456348499534
1525.1380000004178	-96.12398687263001
1525.1560000004183	-96.07991361212916
1525.1740000004188	-96.03233495951797
1525.1920000004193	-95.9812414620432
1525.2100000004198	-95.9266229508229
1525.2280000004203	-95.86846853283532
1525.2460000004207	-95.80676658223499
1525.2640000004212	-95.74150473097797
1525.2820000004217	-95.67266985874087
1525.3000000004222	-95.60024808211288
1525.3180000004227	-95.52422474304177
1525.3360000004234	-95.4445843965101
1525.3540000004239	-95.36131079741969
1525.3720000004244	-95.2743868866559
1525.3900000004248	-95.18379477630612
1525.4080000004253	-95.08951573400132
1525.4260000004258	-94.99153016634871
1525.4440000004263	-94.8898176014217
1525.4620000004268	-94.78435667026959
1525.4800000004273	-94.67512508740825
1525.4980000004277	-94.56209963024897
1525.5160000004282	-94.44525611742107
1525.5340000004287	-94.32456938593985
1525.5520000004292	-94.20001326716836
1525.5700000004297	-94.07156056151813
1525.5880000004302	-93.93918301182978
1525.6060000004306	-93.80285127537195
1525.6240000004311	-93.66253489438934
1525.6420000004316	-93.51820226513081
1525.6600000004323	-93.36982060527843
1525.6780000004328	-93.21735591969784
1525.6960000004333	-93.06077296442001
1525.7140000004338	-92.900035208763
1525.7320000004343	-92.73510479549114
1525.7500000004347	-92.56594249890598
1525.7680000004352	-92.39250768075209
1525.7860000004357	-92.2147582438161
1525.8040000004362	-92.03265058308477
1525.8220000004367	-91.84613953432068
1525.8400000004372	-91.655178319903
1525.8580000004376	-91.45971849176868
1525.8760000004381	-91.25970987127812
1525.8940000004386	-91.05510048581411
1525.912000000439	-90.8458365019113
1525.9300000004396	-90.63186215469352
1525.94800000044	-90.413119673382
1525.9660000004408	-90.18954920261811
1525.9840000004413	-89.96108871932107
1526.0020000004417	-89.7276739447822
1526.0200000004422	-89.48923825166841
1526.0380000004427	-89.24571256558508
1526.0560000004432	-88.99702526081296
1526.0740000004437	-88.74310204980652
1526.0920000004442	-88.48386586600029
1526.1100000004446	-88.21923673943434
1526.1280000004451	-87.9491316646612
1526.1460000004456	-87.67346446035319
1526.164000000446	-87.39214561997115
1526.1820000004466	-87.10508215279867
1526.200000000447	-86.8121774145797
1526.2180000004475	-86.51333092692258
1526.236000000448	-86.20843818455486
1526.2540000004485	-85.89739044941906
1526.272000000449	-85.58007453050153
1526.2900000004497	-85.25637254817168
1526.3080000004502	-84.92616168168168
1526.3260000004507	-84.58931389833573
1526.3440000004512	-84.24569566267799
1526.3620000004516	-83.89516762386819
1526.3800000004521	-83.53758427921201
1526.3980000004526	-83.17279361158387
1526.416000000453	-82.80063669822124
1526.4340000004536	-82.42094728807764
1526.452000000454	-82.03355134458425
1526.4700000004545	-81.63826655029722
1526.488000000455	-81.23490176946703
1526.5060000004555	-80.82325646408101
1526.524000000456	-80.40312005835506
1526.5420000004565	-79.97427124601064
1526.560000000457	-79.53647723391683
1526.5780000004575	-79.08949291482361
1526.5960000004582	-78.63305996091489
1526.6140000004586	-78.16690582876117
1526.6320000004591	-77.69074266491336
1526.6500000004596	-77.20426609983173
1526.66800000046	-76.70715391603417
1526.6860000004606	-76.1990645742383
1526.704000000461	-75.67963557880208
1526.7220000004615	-75.14848166088026
1526.740000000462	-74.6051927543162
1526.7580000004625	-74.04933173530151
1526.776000000463	-73.4804318921438
1526.7940000004635	-72.897994085964
1526.812000000464	-72.30148355663485
1526.8300000004645	-71.69032632064078
1526.848000000465	-71.06390509855734
1526.8660000004654	-70.42155469937583
1526.884000000466	-69.7625567767025
1526.9020000004664	-69.08613385785968
1526.920000000467	-68.39144253102724
1526.9380000004676	-67.67756565800558
1526.956000000468	-66.94350346154681
1526.9740000004685	-66.1881633178292
1526.992000000469	-65.41034806925609
1527.0100000004695	-64.60874266538488
1527.02800000047	-63.781898949688554
1527.0460000004705	-62.92821845348531
1527.064000000471	-62.04593316510878
1527.0820000004715	-61.133084464161335
1527.100000000472	-60.18750083978866
1527.1180000004724	-59.206775812855064
1527.136000000473	-58.18824894999324
1527.1540000004734	-57.12899552636767
1527.1720000004739	-56.02583523408234
1527.1900000004744	-54.875379116514125
1527.2080000004748	-53.67414986601189
1527.2260000004756	-52.41883956725903
1527.244000000476	-51.106820987264186
1527.2620000004765	-49.73711955555693
1527.280000000477	-48.31220246854095
1527.2980000004775	-46.8411482896086
1527.316000000478	-45.344909680660805
1527.3340000004785	-43.86396504234392
1527.352000000479	-42.46629521713367
1527.3700000004794	-41.24758543370358
1527.38800000048	-40.30942627903955
1527.4060000004804	-39.712648467655804
1527.4240000004809	-39.4393169202155
1527.4420000004814	-39.40461822286808
1527.4600000004818	-39.504847823213126
1527.4780000004823	-39.65515571159213
1527.4960000004828	-39.80024114139259
1527.5140000004833	-39.909339228966765
1527.532000000484	-39.967880606719895
1527.5500000004845	-39.970866592317215
1527.568000000485	-39.918643422407804
1527.5860000004855	-39.81446865233325
1527.604000000486	-39.663195219186264
1527.6220000004864	-39.47060147020266
1527.640000000487	-39.243079950640336
1527.6580000004874	-38.98751782688833
1527.6760000004879	-38.71127088058196
1527.6940000004884	-38.422169871595266
1527.7120000004888	-38.12851634272043
1527.7300000004893	-37.83903341045044
1527.7480000004898	-37.56274178154581
1527.7660000004903	-37.30873697745461
1527.7840000004908	-37.0858547091461
1527.8020000004913	-36.90223039758098
1527.8200000004917	-36.764785814702414
1527.8380000004922	-36.67870557297546
1527.856000000493	-36.646988343104965
1527.8740000004934	-36.67016009177581
1527.892000000494	-36.7462122891292
1527.9100000004944	-36.87078132174989
1527.9280000004949	-37.03753212729704
1527.9460000004954	-37.238668909499005
1527.9640000004958	-37.46548139710601
1527.9820000004963	-37.7088466620429
1528.0000000004968	-37.95963417507856
1528.0180000004973	-38.20899292586156
1528.0360000004978	-38.44852490263173
1528.0540000004983	-38.670365565899054
1528.0720000004987	-38.867200351070096
1528.0900000004992	-39.03225034490208
1528.1080000004997	-39.15926461339957
1528.1260000005002	-39.242566200477846
1528.1440000005007	-39.27721973543989
1528.1620000005014	-39.25942967584144
1528.1800000005019	-39.18735213053098
1528.1980000005024	-39.06262398490366
1528.2160000005028	-38.8930771442155
1528.2340000005033	-38.6972188904778
1528.2520000005038	-38.510730976549944
1528.2700000005043	-38.39343691745478
1528.2880000005048	-38.43053917540534
1528.3060000005053	-38.716576850531254
1528.3240000005057	-39.31710349016019
1528.3420000005062	-40.23113212354228
1528.3600000005067	-41.39183770834911
1528.3780000005072	-42.704713993840315
1528.3960000005077	-44.08535950647948
1528.4140000005082	-45.47480259393721
1528.4320000005087	-46.83790311159739
1528.4500000005091	-48.15630008521354
1528.4680000005096	-49.42192073248587
1528.4860000005103	-50.632509309144275
1528.5040000005108	-51.78889817113581
1528.5220000005113	-52.893440000632914
1528.5400000005118	-53.94913909724142
1528.5580000005123	-54.95918430601152
1528.5760000005127	-55.92670734130785
1528.5940000005132	-56.85466577891038
1528.6120000005137	-57.74579404457211
1528.6300000005142	-58.6025907308203
1528.6480000005147	-59.42732461896574
1528.6660000005152	-60.22204965495134
1528.6840000005157	-60.98862354319689
1528.7020000005161	-61.72872710193253
1528.7200000005166	-62.44388291402559
1528.738000000517	-63.13547258275584
1528.7560000005176	-63.804752328748826
1528.774000000518	-64.45286689304709
1528.7920000005188	-65.08086182793836
1528.8100000005193	-65.689694310772
1528.8280000005198	-66.28024263479863
1528.8460000005202	-66.85331453122674
1528.8640000005207	-67.40965446745199
1528.8820000005212	-67.94995005301531
1528.9000000005217	-68.47483767015872
1528.9180000005222	-68.98490743142884
1528.9360000005227	-69.48070755337159
1528.9540000005231	-69.96274822331318
1528.9720000005236	-70.43150502559187
1528.990000000524	-70.88742198434562
1529.0080000005246	-71.33091427197499
1529.026000000525	-71.76237062553412
1529.0440000005256	-72.18215550742937
1529.062000000526	-72.59061104177592
1529.0800000005265	-72.98805875348232
1529.098000000527	-73.37480113346575
1529.1160000005277	-73.7511230502713
1529.1340000005282	-74.11729302569385
1529.1520000005287	-74.47356438970674
1529.1700000005292	-74.82017632803804
1529.1880000005297	-75.15735483404163
1529.2060000005301	-75.48531357505983
1529.2240000005306	-75.80425468221921
1529.242000000531	-76.1143694715153
1529.2600000005316	-76.41583910310617
1529.278000000532	-76.70883518491779
1529.2960000005326	-76.99352032595858
1529.314000000533	-77.2700486441196
1529.3320000005335	-77.53856623270059
1529.350000000534	-77.7992115894298
1529.3680000005345	-78.05211601132997
1529.386000000535	-78.297403958421
1529.4040000005355	-78.53519338892706
1529.4220000005362	-78.76559606837758
1529.4400000005367	-78.98871785473362
1529.4580000005371	-79.20465896145707
1529.4760000005376	-79.41351420023692
1529.494000000538	-79.61537320491516
1529.5120000005386	-79.8103206379945
1529.530000000539	-79.99843638097134
1529.5480000005396	-80.17979570961252
1529.56600000054	-80.35446945517666
1529.5840000005405	-80.52252415248367
1529.602000000541	-80.68402217563799
1529.6200000005415	-80.83902186213177
1529.638000000542	-80.98757762597276
1529.6560000005425	-81.12974006041375
1529.674000000543	-81.26555603079609
1529.6920000005434	-81.39506875795732
1529.710000000544	-81.51831789260052
1529.7280000005444	-81.63533958096805
1529.746000000545	-81.74616652211671
1529.7640000005456	-81.85082801704218
1529.782000000546	-81.94935000985737
1529.8000000005466	-82.04175512119049
1529.818000000547	-82.12806267392031
1529.8360000005475	-82.20828871133438
1529.854000000548	-82.28244600775001
1529.8720000005485	-82.35054407160278
1529.890000000549	-82.4125891409654
1529.9080000005495	-82.46858417142029
1529.92600000055	-82.51852881617062
1529.9440000005504	-82.56241939822793
1529.962000000551	-82.60024887447501
1529.9800000005514	-82.63200679135345
1529.9980000005519	-82.65767923187887
1530.0160000005524	-82.67724875363282
1530.0340000005529	-82.69069431732545
1530.0520000005536	-82.69799120546502
1530.070000000554	-82.69911093060058
1530.0880000005545	-82.69402113253858
1530.106000000555	-82.68268546385156
1530.1240000005555	-82.66506346291558
1530.142000000556	-82.64111041361566
1530.1600000005565	-82.61077719075385
1530.178000000557	-82.57401009008237
1530.1960000005574	-82.53075064174575
1530.214000000558	-82.48093540578076
1530.2320000005584	-82.42449574814954
1530.2500000005589	-82.36135759560582
1530.2680000005594	-82.29144116748043
1530.2860000005599	-82.21466068223918
1530.3040000005603	-82.13092403640196
1530.3220000005608	-82.04013245310301
1530.3400000005613	-81.94218009723102
1530.3580000005618	-81.83695365368709
1530.3760000005625	-81.7243318648479
1530.394000000563	-81.60418502279425
1530.4120000005635	-81.47637441126449
1530.430000000564	-81.34075169159405
1530.4480000005644	-81.19715822609058
1530.466000000565	-81.04542433135404
1530.4840000005654	-80.88536845294792
1530.5020000005659	-80.71679625154206
1530.5200000005664	-80.53949958912965
1530.5380000005669	-80.35325540213594
1530.5560000005673	-80.15782444612395
1530.5740000005678	-79.95294989428606
1530.5920000005683	-79.73835576892019
1530.6100000005688	-79.51374518149503
1530.6280000005693	-79.27879835260002
1530.6460000005698	-79.0331703778556
1530.6640000005702	-78.77648869953299
1530.682000000571	-78.5083502359134
1530.7000000005714	-78.22831811094464
1530.718000000572	-77.93591791508587
1530.7360000005724	-77.63063341375229
1530.754000000573	-77.31190160172112
1530.7720000005734	-76.97910697918529
1530.7900000005739	-76.63157489649096
1530.8080000005743	-76.26856377811629
1530.8260000005748	-75.88925598965425
1530.8440000005753	-75.49274705105657
1530.8620000005758	-75.07803282046996
1530.8800000005763	-74.64399416912059
1530.8980000005768	-74.18937852961565
1530.9160000005772	-73.71277751455095
1530.9340000005777	-73.21259955036076
1530.9520000005782	-72.6870361248721
1530.9700000005787	-72.13401976437446
1530.9880000005792	-71.55117117398491
1531.00600000058	-70.93573199645353
1531.0240000005804	-70.28447821657836
1531.0420000005809	-69.5936071163667
1531.0600000005813	-68.85858746891547
1531.0780000005818	-68.07395767314767
1531.0960000005823	-67.23304861566122
1531.1140000005828	-66.32759513884056
1531.1320000005833	-65.34717832301986
1531.1500000005838	-64.2784032175168
1531.1680000005842	-63.103649220891704
1531.1860000005847	-61.79910486582042
1531.2040000005852	-60.331557536376096
1531.2220000005857	-58.65293631210692
1531.2400000005862	-56.690720691812366
1531.2580000005867	-54.331224023398434
1531.2760000005871	-51.397513339892996
1531.2940000005876	-47.70920038250321
1531.3120000005883	-44.167892656930434
1531.3300000005888	-44.96498355103719
1531.3480000005893	-48.27413284550761
1531.3660000005898	-51.01770497119705
1531.3840000005903	-53.057258596586635
1531.4020000005908	-54.59675875939236
1531.4200000005912	-55.78236258443714
1531.4380000005917	-56.70544656951198
1531.4560000005922	-57.42395540860042
1531.4740000005927	-57.97569342353497
1531.4920000005932	-58.38579063054994
1531.5100000005937	-58.67092987744577
1531.5280000005941	-58.841781305467975
1531.5460000005946	-58.90439275223834
1531.5640000005951	-58.860917882926316
1531.5820000005956	-58.709864801262555
1531.600000000596	-58.4459244316189
1531.6180000005966	-58.05933792055035
1531.6360000005973	-57.53464623588939
1531.6540000005978	-56.848484896672986
1531.6720000005982	-55.96575983872942
1531.6900000005987	-54.83291723469425
1531.7080000005992	-53.36594205669474
1531.7260000005997	-51.4302963057326
1531.7440000006002	-48.82730623451445
1531.7620000006007	-45.53576728199002
1531.7800000006011	-43.8853835274751
1531.7980000006016	-46.983290313528194
1531.8160000006021	-50.7917576008838
1531.8340000006026	-53.85208757237977
1531.852000000603	-56.2997486285812
1531.8700000006036	-58.3234958131846
1531.888000000604	-60.04686203707141
1531.9060000006045	-61.54828338904517
1531.924000000605	-62.87935928778672
1531.9420000006057	-64.07548439144514
1531.9600000006062	-65.16187633710115
1531.9780000006067	-66.1570972294656
1531.9960000006072	-67.0751940303465
1532.0140000006077	-67.92705064237222
1532.0320000006082	-68.7212723992411
1532.0500000006086	-69.4647828887192
1532.0680000006091	-70.16323783276182
1532.0860000006096	-70.82131911637734
1532.10400000061	-71.44294818879526
1532.1220000006106	-72.03144392402487
1532.140000000611	-72.58964140186276
1532.1580000006115	-73.11998266225281
1532.176000000612	-73.62458701077679
1532.1940000006125	-74.10530616955978
1532.212000000613	-74.56376803658097
1532.2300000006135	-75.00141177023106
1532.248000000614	-75.41951618902473
1532.2660000006147	-75.81922296328365
1532.2840000006152	-76.2015557082214
1532.3020000006156	-76.56743582128976
1532.3200000006161	-76.91769571082115
1532.3380000006166	-77.25308991751254
1532.356000000617	-77.57430452103634
1532.3740000006176	-77.88196514119916
1532.392000000618	-78.1766437796436
1532.4100000006185	-78.45886469910552
1532.428000000619	-78.72910949911723
1532.4460000006195	-78.98782151713193
1532.46400000062	-79.23540966041561
1532.4820000006205	-79.47225175524977
1532.500000000621	-79.69869748493281
1532.5180000006214	-79.91507097594311
1532.536000000622	-80.12167308179615
1532.5540000006224	-80.31878340612616
1532.5720000006231	-80.50666209996132
1532.5900000006236	-80.6855514627681
1532.608000000624	-80.85567737237368
1532.6260000006246	-81.01725056517033
1532.644000000625	-81.17046778490993
1532.6620000006255	-81.31551281580508
1532.680000000626	-81.45255741347434
1532.6980000006265	-81.58176214542664
1532.716000000627	-81.70327715122156
1532.7340000006275	-81.8172428311137
1532.752000000628	-81.92379047086024
1532.7700000006284	-82.02304280939848
1532.788000000629	-82.11511455527042
1532.8060000006294	-82.2001128569539
1532.82400000063	-82.27813773163989
1532.8420000006304	-82.34928245646024
1532.8600000006309	-82.41363392570177
1532.8780000006316	-82.47127297713959
1532.896000000632	-82.52227469026471
1532.9140000006325	-82.56670865887054
1532.932000000633	-82.60463924019228
1532.9500000006335	-82.63612578254963
1532.968000000634	-82.66122283323186
1532.9860000006345	-82.67998032817856
1533.004000000635	-82.69244376483805
1533.0220000006354	-82.6986543594419
1533.040000000636	-82.6986491897967
1533.0580000006364	-82.6924613245792
1533.076000000637	-82.68011994001186
1533.0940000006374	-82.66165042469984
1533.1120000006379	-82.63707447332516
1533.1300000006383	-82.60641016981208
1533.1480000006388	-82.56967206050808
1533.1660000006393	-82.52687121785598
1533.1840000006398	-82.47801529497514
1533.2020000006405	-82.42310857151055
1533.220000000641	-82.36215199105658
1533.2380000006415	-82.29514319041449
1533.256000000642	-82.22207652089438
1533.2740000006424	-82.14294306182859
1533.292000000643	-82.0577306264216
1533.3100000006434	-81.96642376001947
1533.328000000644	-81.86900373084306
1533.3460000006444	-81.7654485131878
1533.3640000006449	-81.65573276305571
1533.3820000006453	-81.5398277861446
1533.4000000006458	-81.41770149807971
1533.4180000006463	-81.28931837673242
1533.4360000006468	-81.15463940642871
1533.4540000006473	-81.01362201380674
1533.4720000006478	-80.86621999503546
1533.4900000006483	-80.71238343406057
1533.508000000649	-80.55205861149042
1533.5260000006494	-80.38518790368094
1533.54400000065	-80.21170967151821
1533.5620000006504	-80.03155813833638
1533.580000000651	-79.84466325633483
1533.5980000006514	-79.65095056078758
1533.6160000006519	-79.4503410112508
1533.6340000006523	-79.24275081888584
1533.6520000006528	-79.02809125891403
1533.6700000006533	-78.80626846710571
1533.6880000006538	-78.57718321908634
1533.7060000006543	-78.34073069110075
1533.7240000006548	-78.09680020072538
1533.7420000006553	-77.84527492584373
1533.7600000006557	-77.58603160001024
1533.7780000006562	-77.31894018210774
1533.7960000006567	-77.04386349795847
1533.8140000006572	-76.7606568512754
1533.832000000658	-76.46916760102269
1533.8500000006584	-76.16923470190211
1533.8680000006589	-75.86068820427539
1533.8860000006594	-75.54334870937383
1533.9040000006598	-75.21702677511918
1533.9220000006603	-74.88152226727587
1533.9400000006608	-74.53662364996754
1533.9580000006613	-74.18210720879244
1533.9760000006618	-73.81773619886172
1533.9940000006623	-73.44325990902232
1534.0120000006627	-73.05841263231298
1534.0300000006632	-72.66291253127919
1534.0480000006637	-72.25646038513071
1534.0660000006642	-71.83873820381446
1534.0840000006647	-71.40940769184265
1534.1020000006652	-70.96810854211637
1534.1200000006656	-70.51445653693725
1534.1380000006664	-70.04804142984834
1534.1560000006668	-69.56842457776767
1534.1740000006673	-69.07513628800035
1534.1920000006678	-68.56767283900432
1534.2100000006683	-68.04549312710323
1534.2280000006688	-67.5080148835674
1534.2460000006693	-66.95461039746064
1534.2640000006697	-66.38460166928
1534.2820000006702	-65.79725490861233
1534.3000000006707	-65.19177427585888
1534.3180000006712	-64.567294753804
1534.3360000006717	-63.922874020077145
1534.3540000006722	-63.25748317776305
1534.3720000006726	-62.56999619112474
1534.3900000006731	-61.85917787134565
1534.4080000006736	-61.123670271694664
1534.426000000674	-60.36197739723124
1534.4440000006746	-59.57244823661286
1534.4620000006753	-58.753258327175345
1534.4800000006758	-57.902390446863585
1534.4980000006763	-57.01761572392414
1534.5160000006767	-56.09647770786136
1534.5340000006772	-55.136284179921134
1534.5520000006777	-54.134115461295906
1534.5700000006782	-53.08686507064645
1534.5880000006787	-51.99134123871168
1534.6060000006792	-50.844480337130875
1534.6240000006796	-49.64376312038148
1534.6420000006801	-48.38799344411092
1534.6600000006806	-47.078711305040414
1534.678000000681	-45.7226713191385
1534.6960000006816	-44.33596031092851
1534.714000000682	-42.950151843952604
1534.7320000006825	-41.619526301965266
1534.750000000683	-40.424383124090454
1534.7680000006837	-39.45963327186405
1534.7860000006842	-38.80042557810833
1534.8040000006847	-38.461078943158114
1534.8220000006852	-38.385935358531306
1534.8400000006857	-38.48235987278991
1534.8580000006862	-38.661597133050535
1534.8760000006866	-38.85901861401331
1534.8940000006871	-39.03506577764735
1534.9120000006876	-39.168672954729104
1534.930000000688	-39.25047811507103
1534.9480000006886	-39.277973617631304
1534.966000000689	-39.252517174476964
1534.9840000006895	-39.17762906603219
1535.00200000069	-39.058078022006136
1535.0200000006905	-38.8994248888567
1535.038000000691	-38.70782320091913
1535.0560000006915	-38.48995718070955
1535.074000000692	-38.2530436396589
1535.0920000006927	-38.00484804690999
1535.1100000006932	-37.75367611274917
1535.1280000006936	-37.50830711577128
1535.1460000006941	-37.2778390080854
1535.1640000006946	-37.07142265295065
1535.182000000695	-36.89787727242822
1535.2000000006956	-36.76520310177885
1535.218000000696	-36.68003788961221
1535.2360000006965	-36.64713306632267
1535.254000000697	-36.668940763866274
1535.2720000006975	-36.745393495513085
1535.290000000698	-36.873922180248016
1535.3080000006985	-37.04970595219322
1535.326000000699	-37.266097893275216
1535.3440000006995	-37.51514175624842
1535.3620000007	-37.78809259224317
1535.3800000007004	-38.07587364718502
1535.3980000007011	-38.36943116409935
1535.4160000007016	-38.659976752562095
1535.434000000702	-38.93912760000135
1535.4520000007026	-39.19896706400359
1535.470000000703	-39.432054580100484
1535.4880000007036	-39.63141836705017
1535.506000000704	-39.79057180963464
1535.5240000007045	-39.9036103690537
1535.542000000705	-39.96547855140901
1535.5600000007055	-39.972558463176135
1535.578000000706	-39.92384092205184
1535.5960000007065	-39.823113336376764
1535.614000000707	-39.68280831542335
1535.6320000007074	-39.53018170983817
1535.650000000708	-39.41553460492274
1535.6680000007084	-39.41852305547339
1535.6860000007089	-39.64143484864454
1535.7040000007094	-40.17627533006913
1535.72200000071	-41.05550932121453
1535.7400000007106	-42.23076858685951
1535.758000000711	-43.60393198193375
1535.7760000007115	-45.07579660708686
1535.794000000712	-46.57297521333334
1535.8120000007125	-48.05055862081508
1535.830000000713	-49.48470603386002
1535.8480000007135	-50.86466232919296
1535.866000000714	-52.187055915887726
1535.8840000007144	-53.4524055041483
1535.902000000715	-54.66313065629747
1535.9200000007154	-55.82246450457631
1535.9380000007159	-56.933878325126265
1535.9560000007164	-58.00078876280617
1535.9740000007168	-59.02641866481453
1535.9920000007173	-60.01374016487584
1536.0100000007178	-60.96546085659539
1536.0280000007185	-61.884031660613914
1536.046000000719	-62.77166476893007
1536.0640000007195	-63.630355437049005
1536.08200000072	-64.46190436530026
1536.1000000007205	-65.26793904606576
1536.118000000721	-66.04993334771679
1536.1360000007214	-66.80922508709276
1536.154000000722	-67.54703159305362
1536.1720000007224	-68.26446338634959
1536.1900000007229	-68.96253615339515
1536.2080000007234	-69.64218120598628
1536.2260000007238	-70.30425461390283
1536.2440000007243	-70.94954518291262
1536.2620000007248	-71.57878143261584
1536.2800000007253	-72.19263770984627
1536.2980000007258	-72.79173955553335
1536.3160000007263	-73.37666842672634
1536.3340000007267	-73.9479658611245
1536.3520000007275	-74.50613715895958
1536.370000000728	-75.05165464629043
1536.3880000007284	-75.58496057455145
1536.406000000729	-76.10646970331891
1536.4240000007294	-76.6165716065714
1536.4420000007299	-77.11563273703243
1536.4600000007304	-77.60399827834976
1536.4780000007308	-78.08199381076281
1536.4960000007313	-78.54992681241288
1536.5140000007318	-79.00808801547781
1536.5320000007323	-79.45675263377231
1536.5500000007328	-79.89618147628411
1536.5680000007333	-80.32662195926135
1536.5860000007337	-80.74830902786636
1536.6040000007342	-81.16146599704572
1536.6220000007347	-81.56630532007955
1536.6400000007352	-81.9630292922568
1536.658000000736	-82.35183069623648
1536.6760000007364	-82.73289339489173
1536.6940000007369	-83.1063928767658
1536.7120000007374	-83.47249675868929
1536.7300000007378	-83.83136524960291
1536.7480000007383	-84.18315157918464
1536.7660000007388	-84.52800239449519
1536.7840000007393	-84.86605812751088
1536.8020000007398	-85.1974533361161
1536.8200000007403	-85.5223170208612
1536.8380000007407	-85.84077291955768
1536.8560000007412	-86.152939781577
1536.8740000007417	-86.4589316235334
1536.8920000007422	-86.75885796787135
1536.9100000007427	-87.05282406572914
1536.9280000007432	-87.34093110532436
1536.9460000007437	-87.62327640699
1536.9640000007441	-87.89995360588485
1536.9820000007448	-88.17105282331377
1537.0000000007453	-88.43666082750485
1537.0180000007458	-88.69686118462087
1537.0360000007463	-88.95173440071146
1537.0540000007468	-89.20135805525422
1537.0720000007473	-89.44580692687762
1537.0900000007478	-89.6851531118084
1537.1080000007482	-89.91946613554333
1537.1260000007487	-90.14881305820205
1537.1440000007492	-90.37325857398415
1537.1620000007497	-90.59286510511672
1537.1800000007502	-90.80769289065181
1537.1980000007507	-91.01780007044226
1537.2160000007511	-91.22324276460135
1537.2340000007516	-91.42407514872824
1537.252000000752	-91.62034952515864
1537.2700000007526	-91.8121163904836
1537.2880000007533	-91.99942449955859
1537.3060000007538	-92.18232092621136
1537.3240000007543	-92.36085112084044
1537.3420000007548	-92.53505896508366
1537.3600000007552	-92.70498682372305
1537.3780000007557	-92.87067559397991
1537.3960000007562	-93.03216475234561
1537.4140000007567	-93.18949239908085
1537.4320000007572	-93.34269530050945
1537.4500000007577	-93.49180892922269
1537.4680000007581	-93.63686750230337
1537.4860000007586	-93.77790401767137
1537.504000000759	-93.91495028864489
1537.5220000007596	-94.04803697680698
1537.54000000076	-94.17719362325968
1537.5580000007606	-94.30244867834367
1537.576000000761	-94.42382952989526
1537.5940000007615	-94.54136253010986
1537.6120000007622	-94.65507302107406
1537.6300000007627	-94.76498535902655
1537.6480000007632	-94.87112293740336
1537.6660000007637	-94.9735082087193
1537.6840000007642	-95.0721627053347
1537.7020000007647	-95.16710705915256
1537.7200000007651	-95.25836102028902
1537.7380000007656	-95.3459434747573
1537.756000000766	-95.42987246120177
1537.7740000007666	-95.51016518671747
1537.792000000767	-95.58683804178733
1537.8100000007676	-95.65990661436754
1537.828000000768	-95.7293857031491
1537.8460000007685	-95.79528933002192
1537.864000000769	-95.85763075176573
1537.8820000007695	-95.91642247099054
1537.90000000077	-95.97167624634729
1537.9180000007707	-96.02340310202788
1537.9360000007712	-96.07161333657265
1537.9540000007717	-96.11631653100082
1537.9720000007721	-96.15752155627916
1537.9900000007726	-96.19523658014188
1538.008000000773	-96.22946907327362
1538.0260000007736	-96.2602258148665
1538.044000000774	-96.28751289756002
1538.0620000007746	-96.3113357317726
1538.080000000775	-96.33169904943087
1538.0980000007755	-96.34860690710286
1538.116000000776	-96.36206268853942
1538.1340000007765	-96.37206910662685
1538.152000000777	-96.37862820475348
1538.1700000007775	-96.38174135759019
1538.188000000778	-96.38140927128555
1538.2060000007784	-96.37763198307366
1538.2240000007791	-96.37040886029185
1538.2420000007796	-96.35973859880511
1538.26000000078	-96.34561922083164
1538.2780000007806	-96.32804807216338
1538.296000000781	-96.30702181877419
1538.3140000007816	-96.28253644280645
1538.332000000782	-96.2545872379263
1538.3500000007825	-96.22316880403565
1538.368000000783	-96.18827504132821
1538.3860000007835	-96.14989914367463
1538.404000000784	-96.10803359132146
1538.4220000007845	-96.06267014288542
1538.440000000785	-96.01379982662442
1538.4580000007854	-95.96141293096372
1538.476000000786	-95.90549899425456
1538.4940000007864	-95.84604679374027
1538.5120000007869	-95.78304433370295
1538.5300000007874	-95.71647883276144
1538.548000000788	-95.64633671028926
1538.5660000007886	-95.5726035719187
1538.584000000789	-95.49526419409423
1538.6020000007895	-95.41430250763632
1538.62000000079	-95.32970158027327
1538.6380000007905	-95.2414435980956
1538.656000000791	-95.14950984588445
1538.6740000007915	-95.05388068626155
1538.692000000792	-94.95453553760449
1538.7100000007924	-94.85145285066693
1538.728000000793	-94.74461008383928
1538.7460000007934	-94.6339836769798
1538.7640000007939	-94.51954902374166
1538.7820000007944	-94.40128044231577
1538.8000000007949	-94.2791511445027
1538.8180000007953	-94.15313320302167
1538.8360000007958	-94.02319751695612
1538.8540000007965	-93.88931377522891
1538.872000000797	-93.75145041799209
1538.8900000007975	-93.60957459580595
1538.908000000798	-93.46365212647402
1538.9260000007985	-93.31364744938922
1538.944000000799	-93.15952357723538
1538.9620000007994	-93.0012420448752
1538.9800000008	-92.8387628552434
1538.9980000008004	-92.6720444220477
1539.016000000801	-92.50104350906477
1539.0340000008014	-92.32571516580067
1539.0520000008019	-92.14601265926507
1539.0700000008023	-91.96188740158853
1539.0880000008028	-91.7732888731874
1539.1060000008033	-91.5801645411561
1539.1240000008038	-91.38245977253787
1539.1420000008043	-91.18011774209401
1539.1600000008048	-90.97307933415698
1539.1780000008055	-90.76128303811473
1539.196000000806	-90.54466483703222
1539.2140000008064	-90.32315808886776
1539.232000000807	-90.09669339969219
1539.2500000008074	-89.86519848825934
1539.268000000808	-89.62859804121328
1539.2860000008084	-89.38681355814651
1539.3040000008089	-89.1397631856425
1539.3220000008093	-88.88736153934785
1539.3400000008098	-88.62951951301896
1539.3580000008103	-88.36614407337541
1539.3760000008108	-88.09713803946771
1539.3940000008113	-87.82239984512294
1539.4120000008118	-87.54182328287337
1539.4300000008122	-87.25529722759104
1539.4480000008127	-86.9627053378464
1539.4660000008132	-86.66392573277578
1539.484000000814	-86.35883064197733
1539.5020000008144	-86.04728602565388
1539.520000000815	-85.7291511618738
1539.5380000008154	-85.404278197427
1539.5560000008159	-85.07251165829811
1539.5740000008163	-84.73368791525594
1539.5920000008168	-84.38763459945423
1539.6100000008173	-84.03416996224041
1539.6280000008178	-83.6731021725579
1539.6460000008183	-83.30422854438297
1539.6640000008188	-82.92733468553504
1539.6820000008192	-82.54219355790782
1539.7000000008197	-82.14856443765137
1539.7180000008202	-81.74619176204456
1539.7360000008207	-81.33480384768077
1539.7540000008212	-80.91411146207258
1539.7720000008217	-80.48380622777987
1539.7900000008221	-80.04355883457569
1539.8080000008229	-79.59301703083962
1539.8260000008233	-79.1318033601532
1539.8440000008238	-78.6595126027359
1539.8620000008243	-78.17570887363813
1539.8800000008248	-77.67992232013931
1539.8980000008253	-77.1716453491306
1539.9160000008258	-76.65032830079873
1539.9340000008262	-76.11537446689323
1539.9520000008267	-75.56613432922643
1539.9700000008272	-75.00189886546612
1539.9880000008277	-74.4218917329022
1540.0060000008282	-73.8252600942409
1540.0240000008287	-73.21106378921942
1540.0420000008291	-72.57826247731145
1540.0600000008296	-71.92570027352615
1540.0780000008301	-71.25208726218459
1540.0960000008306	-70.55597708959114
1540.1140000008313	-69.83573958695456
1540.1320000008318	-69.0895270322946
1540.1500000008323	-68.31523218362773
1540.1680000008328	-67.51043554395076
1540.1860000008332	-66.67233835703807
1540.2040000008337	-65.79767643434664
1540.2220000008342	-64.88260784232702
1540.2400000008347	-63.92256435358726
1540.2580000008352	-62.91205174768468
1540.2760000008357	-61.84437645132489
1540.2940000008361	-60.711263732313796
1540.3120000008366	-59.502312292007716
1540.3300000008371	-58.20419534664453
1540.3480000008376	-56.79945731770961
1540.366000000838	-55.26464566799113
1540.3840000008386	-53.567318357283504
1540.402000000839	-51.66111839166325
1540.4200000008395	-49.47762579544126
1540.4380000008402	-46.91410390053858
1540.4560000008407	-43.82735667719405
1540.4740000008412	-40.1519322707097
1540.4920000008417	-36.9566561734585
1540.5100000008422	-37.4696646894204
1540.5280000008427	-40.10889712851521
1540.5460000008432	-42.396815662955724
1540.5640000008436	-44.08835798251641
1540.5820000008441	-45.32305973777264
1540.6000000008446	-46.22256941065925
1540.618000000845	-46.86797735387631
1540.6360000008456	-47.31229076307742
1540.654000000846	-47.59061652951752
1540.6720000008465	-47.72640737169226
1540.690000000847	-47.73515032046777
1540.7080000008475	-47.62653228440402
1540.726000000848	-47.40567435205935
1540.7440000008487	-47.07374877310441
1540.7620000008492	-46.62812648980993
1540.7800000008497	-46.06209106031993
1540.7980000008502	-45.36405677732422
1540.8160000008506	-44.51611161660324
1540.8340000008511	-43.49153369042373
1540.8520000008516	-42.25067376230808
1540.870000000852	-40.73436318456841
1540.8880000008526	-38.854994507222614
1540.906000000853	-36.49683413099743
1540.9240000008535	-33.62756544415873
1540.942000000854	-31.12110739812679
1540.9600000008545	-31.71529881030426
1540.978000000855	-34.618804961244436
1540.9960000008555	-37.421528821263465
1541.014000000856	-39.697159064509265
1541.0320000008564	-41.536925004477055
1541.050000000857	-43.05291856491856
1541.0680000008576	-44.325975066631486
1541.0860000008581	-45.411471290157664
1541.1040000008586	-46.34789879053124
1541.122000000859	-47.16274915365184
1541.1400000008596	-47.87620929720653
1541.15800000086	-48.5034807333568
1541.1760000008605	-49.05626665557419
1541.194000000861	-49.54375110498184
1541.2120000008615	-49.973261044931725
1541.230000000862	-50.35072529061984
1541.2480000008625	-50.680999913764595
1541.266000000863	-50.96810373494469
1541.2840000008634	-51.215391903070895
1541.302000000864	-51.42568595944254
1541.3200000008644	-51.60137273761114
1541.338000000865	-51.744480556877505
1541.3560000008654	-51.85673860710979
1541.374000000866	-51.93962370605348
1541.3920000008666	-51.99439743842604
1541.410000000867	-52.022135872502176
1541.4280000008675	-52.02375347611963
1541.446000000868	-52.00002244338175
1541.4640000008685	-51.95158834527977
1541.482000000869	-51.87898279818754
1541.5000000008695	-51.78263368072129
1541.51800000087	-51.66287330594356
1541.5360000008704	-51.519944861263944
1541.554000000871	-51.354007354779895
1541.5720000008714	-51.16513924859832
1541.590000000872	-50.95334091276627
1541.6080000008724	-50.71853599483624
1541.6260000008729	-50.46057176756441
1541.6440000008733	-50.17921848915718
1541.6620000008738	-49.87416778567996
1541.6800000008743	-49.54503004294624
1541.698000000875	-49.19133077509713
1541.7160000008755	-48.81250591931174
1541.734000000876	-48.407895991574954
1541.7520000008765	-47.976739029138
1541.770000000877	-47.51816224498696
1541.7880000008774	-47.03117233487671
1541.806000000878	-46.51464441963091
1541.8240000008784	-45.967309693768605
1541.842000000879	-45.38774201881739
1541.8600000008794	-44.77434400155958
1541.8780000008799	-44.12533362880631
1541.8960000008803	-43.43873345381121
1541.9140000008808	-42.71236592575059
1541.9320000008813	-41.943861209127114
1541.9500000008818	-41.130688599657965
1541.9680000008823	-40.27023087257932
1541.9860000008828	-39.359935110527964
1542.0040000008835	-38.397597932170186
1542.022000000884	-37.381884074594886
1542.0400000008844	-36.31324344033325
1542.058000000885	-35.195488306273774
1542.0760000008854	-34.038399850268405
1542.094000000886	-32.86173988510028
1542.1120000008864	-31.700591973769793
1542.1300000008869	-30.610276400509015
1542.1480000008874	-29.665533386712404
1542.1660000008878	-28.945696812161692
1542.1840000008883	-28.504104565489534
1542.2020000008888	-28.339875464702757
1542.2200000008893	-28.398342480133625
1542.2380000008898	-28.599705464445403
1542.2560000008903	-28.869389785551384
1542.2740000008907	-29.152483744532173
1542.2920000008912	-29.41435422503521
1542.3100000008917	-29.63571357337813
1542.3280000008924	-29.807343584368535
1542.346000000893	-29.926170871490825
1542.3640000008934	-29.99274898591546
1542.3820000008939	-30.009769011081495
1542.4000000008944	-29.98123163800637
1542.4180000008948	-29.912020441988552
1542.4360000008953	-29.807710054106998
1542.4540000008958	-29.67450549495082
1542.4720000008963	-29.519245490385835
1542.4900000008968	-29.349421648017554
1542.5080000008973	-29.1731739401311
1542.5260000008977	-28.99922651588789
1542.5440000008982	-28.83673133306392
1542.5620000008987	-28.69499515460989
1542.5800000008992	-28.583082011290173
1542.5980000008997	-28.509309598231592
1542.6160000009002	-28.480690578550274
1542.6340000009009	-28.502398707713702
1542.6520000009014	-28.57735195132033
1542.6700000009018	-28.70599056204646
1542.6880000009023	-28.88628828789196
1542.7060000009028	-29.113982941676568
1542.7240000009033	-29.382967964738327
1542.7420000009038	-29.685764137669732
1542.7600000009043	-30.013993262727837
1542.7780000009047	-30.35879589923554
1542.7960000009052	-30.711161570048546
1542.8140000009057	-31.06216323337386
1542.8320000009062	-31.403104302944737
1542.8500000009067	-31.725596547882745
1542.8680000009072	-32.021593691900804
1542.8860000009076	-32.28341239583625
1542.9040000009081	-32.503784390224865
1542.9220000009086	-32.67600767803051
1542.940000000909	-32.79431210317026
1542.9580000009098	-32.85464381218092
1542.9760000009103	-32.856231837359246
1542.9940000009108	-32.80455149636893
1543.0120000009113	-32.71658483250408
1543.0300000009117	-32.62917513182301
1543.0480000009122	-32.609324705378015
1543.0660000009127	-32.75875453782099
1543.0840000009132	-33.19521025185706
1543.1020000009137	-33.99975609481152
1543.1200000009142	-35.16414211289623
1543.1380000009146	-36.59666808300186
1543.1560000009151	-38.17927124765087
1543.1740000009156	-39.81534162838512
1543.192000000916	-41.44313266488077
1543.2100000009166	-43.029223233293095
1543.228000000917	-44.55821193830151
1543.2460000009175	-46.0248359778648
1543.2640000009183	-47.42910397645471
1543.2820000009187	-48.77355975028223
1543.3000000009192	-50.06181832850472
1543.3180000009197	-51.29781010480179
1543.3360000009202	-52.48540653999342
1543.3540000009207	-53.62824775176537
1543.3720000009212	-54.729675202452775
1543.3900000009216	-55.79271778777036
1543.4080000009221	-56.82010385244939
1543.4260000009226	-57.814284637515
1543.444000000923	-58.777461625128836
1543.4620000009236	-59.71161398312999
1543.480000000924	-60.6185243111895
1543.4980000009245	-61.49980195067036
1543.516000000925	-62.35690367036427
1543.5340000009255	-63.19115181352744
1543.552000000926	-64.0037501155869
1543.5700000009267	-64.79579744655152
1543.5880000009272	-65.56829973603438
1543.6060000009277	-66.32218032293997
1543.6240000009282	-67.05828894770096
1543.6420000009286	-67.77740957849404
1543.6600000009291	-68.48026723716725
1543.6780000009296	-69.16753396708638
1543.69600000093	-69.83983406427224
1543.7140000009306	-70.49774867511572
1543.732000000931	-71.14181984845521
1543.7500000009315	-71.77255411661416
1543.768000000932	-72.39042566883445
1543.7860000009325	-72.99587917111647
1543.804000000933	-73.589332278528
1543.8220000009335	-74.17117787934414
1543.840000000934	-74.74178610472613
1543.8580000009345	-75.30150613287246
1543.876000000935	-75.85066781253816
1543.8940000009356	-76.38958312739393
1543.9120000009361	-76.91854751979442
1543.9300000009366	-77.4378410900498
1543.948000000937	-77.94772968518883
1543.9660000009376	-78.44846588939879
1543.984000000938	-78.94028992678378
1544.0020000009386	-79.42343048575715
1544.020000000939	-79.89810547324272
1544.0380000009395	-80.36452270587421
1544.05600000094	-80.82288054453068
1544.0740000009405	-81.2733684778068
1544.092000000941	-81.71616765937601
1544.1100000009415	-82.15145140364478
1544.128000000942	-82.57938564360857
1544.1460000009424	-83.00012935439389
1544.164000000943	-83.41383494559594
1544.1820000009434	-83.82064862519377
1544.200000000944	-84.22071073753415
1544.2180000009446	-84.61415607762149
1544.236000000945	-85.00111418372515
1544.2540000009456	-85.38170961011556
1544.272000000946	-85.75606218156389
1544.2900000009465	-86.12428723108229
1544.308000000947	-86.48649582224138
1544.3260000009475	-86.84279495727735
1544.344000000948	-87.19328777208847
1544.3620000009485	-87.53807371912153
1544.380000000949	-87.87724873905859
1544.3980000009494	-88.2109054221349
1544.41600000095	-88.53913315984514
1544.4340000009504	-88.86201828773142
1544.4520000009509	-89.179644219887
1544.4700000009514	-89.49209157575665
1544.4880000009518	-89.79943829976702
1544.5060000009523	-90.10175977427656
1544.524000000953	-90.39912892629543
1544.5420000009535	-90.69161632838997
1544.560000000954	-90.97929029415367
1544.5780000009545	-91.26221696859744
1544.596000000955	-91.54046041378434
1544.6140000009555	-91.81408269001005
1544.632000000956	-92.0831439328073
1544.6500000009564	-92.34770242603236
1544.668000000957	-92.60781467127266
1544.6860000009574	-92.86353545379733
1544.7040000009579	-93.1149179052568
1544.7220000009584	-93.36201356332322
1544.7400000009588	-93.60487242844933
1544.7580000009593	-93.84354301791241
1544.7760000009598	-94.0780724172973
1544.7940000009603	-94.30850632956309
1544.8120000009608	-94.53488912182769
1544.8300000009615	-94.75726386999627
1544.848000000962	-94.9756724013507
1544.8660000009625	-95.19015533521008
1544.884000000963	-95.40075212176501
1544.9020000009634	-95.60750107918174
1544.920000000964	-95.81043942906705
1544.9380000009644	-96.00960333037747
1544.9560000009649	-96.20502791185328
1544.9740000009654	-96.39674730305092
1544.9920000009658	-96.58479466404464
1545.0100000009663	-96.76920221386247
1545.0280000009668	-96.95000125771914
1545.0460000009673	-97.12722221310365
1545.0640000009678	-97.30089463477654
1545.0820000009683	-97.47104723872879
1545.1000000009687	-97.63770792515061
1545.1180000009692	-97.80090380045641
1545.1360000009697	-97.96066119840914
1545.1540000009704	-98.11700570038488
1545.172000000971	-98.26996215481635
1545.1900000009714	-98.41955469585189
1545.2080000009719	-98.5658067612642
1545.2260000009724	-98.70874110964165
1545.2440000009728	-98.84837983689293
1545.2620000009733	-98.98474439209416
1545.2800000009738	-99.11785559270605
1545.2980000009743	-99.24773363918754
1545.3160000009748	-99.37439812903024
1545.3340000009753	-99.49786807023747
1545.3520000009757	-99.61816189427013
1545.3700000009762	-99.73529746848031
1545.3880000009767	-99.84929210805264
1545.4060000009772	-99.96016258747258
1545.4240000009777	-100.06792515153946
1545.4420000009782	-100.1725955259411
1545.4600000009789	-100.27418892740691
1545.4780000009794	-100.37272007345388
1545.4960000009798	-100.468203191741
1545.5140000009803	-100.56065202904517
1545.5320000009808	-100.65007985987238
1545.5500000009813	-100.73649949471623
1545.5680000009818	-100.81992328797563
1545.5860000009823	-100.90036314554347
1545.6040000009828	-100.97783053207613
1545.6220000009832	-101.05233647795465
1545.6400000009837	-101.1238915859469
1545.6580000009842	-101.19250603757973
1545.6760000009847	-101.25818959923015
1545.6940000009852	-101.32095162794342
1545.7120000009857	-101.38080107698593
1545.7300000009861	-101.43774650114037
1545.7480000009866	-101.49179606174988
1545.766000000987	-101.54295753151831
1545.7840000009878	-101.59123829907213
1545.8020000009883	-101.63664537329049
1545.8200000009888	-101.67918538740884
1545.8380000009893	-101.71886460290116
1545.8560000009898	-101.75568891314613
1545.8740000009902	-101.78966384688145
1545.8920000009907	-101.82079457145109
1545.9100000009912	-101.8490858958495
1545.9280000009917	-101.87454227356622
1545.9460000009922	-101.89716780523504
1545.9640000009927	-101.91696624109076
1545.9820000009931	-101.93394098323654
1546.0000000009936	-101.94809508772494
1546.018000000994	-101.9594312664551
1546.0360000009946	-101.96795188888855
1546.054000000995	-101.97365898358586
1546.0720000009956	-101.97655423956601
1546.0900000009963	-101.97663900749033
1546.1080000009968	-101.97391430067255
1546.1260000009972	-101.96838079591645
1546.1440000009977	-101.96003883418193
1546.1620000009982	-101.94888842108092
1546.1800000009987	-101.93492922720361
1546.1980000009992	-101.9181605882757
1546.2160000009997	-101.89858150514692
1546.2340000010001	-101.87619064361142
1546.2520000010006	-101.85098633405957
1546.270000001001	-101.82296657096128
1546.2880000010016	-101.79212901218057
1546.306000001002	-101.75847097812044
1546.3240000010026	-101.72198945069796
1546.342000001003	-101.68268107214801
1546.3600000010035	-101.64054214365505
1546.378000001004	-101.59556862381116
1546.3960000010045	-101.54775612689947
1546.4140000010052	-101.49709992100071
1546.4320000010057	-101.44359492592116
1546.4500000010062	-101.38723571094019
1546.4680000010067	-101.32801649237453
1546.4860000010071	-101.2659311309574
1546.5040000010076	-101.20097312902907
1546.522000001008	-101.13313562753659
1546.5400000010086	-101.06241140283883
1546.558000001009	-100.98879286331402
1546.5760000010096	-100.91227204576552
1546.59400000101	-100.8328406116226
1546.6120000010105	-100.7504898429313
1546.630000001011	-100.66521063813153
1546.6480000010115	-100.57699350761547
1546.666000001012	-100.48582856906225
1546.6840000010125	-100.39170554254362
1546.702000001013	-100.29461374539515
1546.7200000010137	-100.19454208684695
1546.7380000010141	-100.09147906240773
1546.7560000010146	-99.98541274799543
1546.774000001015	-99.87633079380784
1546.7920000010156	-99.76422041792563
1546.810000001016	-99.64906839964023
1546.8280000010166	-99.53086107249823
1546.846000001017	-99.40958431705432
1546.8640000010175	-99.2852235533231
1546.882000001018	-99.15776373292098
1546.9000000010185	-99.0271893308878
1546.918000001019	-98.89348433717808
1546.9360000010195	-98.75663224781077
1546.95400000102	-98.61661605566607
1546.9720000010204	-98.47341824091721
1546.990000001021	-98.32702076108461
1547.0080000010214	-98.17740504069876
1547.0260000010219	-98.02455196055824
1547.0440000010226	-97.8684418465678
1547.062000001023	-97.7090544581411
1547.0800000010236	-97.54636897615184
1547.098000001024	-97.38036399041624
1547.1160000010245	-97.21101748668866
1547.134000001025	-97.03830683315168
1547.1520000010255	-96.86220876638043
1547.170000001026	-96.68269937676045
1547.1880000010265	-96.49975409333699
1547.206000001027	-96.31334766807237
1547.2240000010274	-96.12345415948711
1547.242000001028	-95.93004691565915
1547.2600000010284	-95.73309855655361
1547.2780000010289	-95.5325809556553
1547.2960000010294	-95.32846522087286
1547.3140000010299	-95.1207216746837
1547.3320000010303	-94.90931983348537
1547.350000001031	-94.69422838611882
1547.3680000010315	-94.47541517152546
1547.386000001032	-94.25284715549904
1547.4040000010325	-94.02649040649064
1547.422000001033	-93.79631007042249
1547.4400000010335	-93.56227034446442
1547.458000001034	-93.32433444972344
1547.4760000010344	-93.08246460279435
1547.494000001035	-92.83662198611636
1547.5120000010354	-92.58676671707724
1547.530000001036	-92.33285781580284
1547.5480000010364	-92.0748531715666
1547.5660000010369	-91.81270950774933
1547.5840000010373	-91.54638234527519
1547.6020000010378	-91.27582596444553
1547.6200000010383	-91.000993365087
1547.6380000010388	-90.72183622492571
1547.6560000010393	-90.43830485609237
1547.67400000104	-90.15034815965898
1547.6920000010405	-89.85791357809921
1547.710000001041	-89.56094704555973
1547.7280000010414	-89.25939293581976
1547.746000001042	-88.95319400781078
1547.7640000010424	-88.6422913485567
1547.782000001043	-88.32662431338804
1547.8000000010434	-88.0061304632713
1547.8180000010439	-87.68074549908536
1547.8360000010443	-87.35040319266349
1547.8540000010448	-87.01503531440804
1547.8720000010453	-86.67457155726943
1547.8900000010458	-86.3289394568676
1547.9080000010463	-85.97806430751616
1547.9260000010468	-85.62186907389261
1547.9440000010472	-85.26027429807857
1547.9620000010477	-84.89319800167235
1547.9800000010484	-84.52055558265394
1547.998000001049	-84.14225970665711
1548.0160000010494	-83.75822019227597
1548.03400000105	-83.36834389000384
1548.0520000010504	-82.9725345543695
1548.0700000010509	-82.57069270880002
1548.0880000010513	-82.16271550270076
1548.1060000010518	-81.74849656019957
1548.1240000010523	-81.32792581995568
1548.1420000010528	-80.90088936538136
1548.1600000010533	-80.4672692445676
1548.1780000010538	-80.02694327914216
1548.1960000010542	-79.57978486121854
1548.2140000010547	-79.1256627375172
1548.2320000010552	-78.66444077965643
1548.2500000010557	-78.19597773951406
1548.2680000010562	-77.72012698845798
1548.286000001057	-77.23673623912566
1548.3040000010574	-76.74564724830388
1548.3220000010579	-76.24669549931414
1548.3400000010583	-75.73970986214817
1548.3580000010588	-75.22451222941596
1548.3760000010593	-74.70091712596624
1548.3940000010598	-74.16873128981068
1548.4120000010603	-73.62775322172615
1548.4300000010608	-73.0777727006207
1548.4480000010612	-72.51857026142041
1548.4660000010617	-71.94991663186512
1548.4840000010622	-71.37157212418094
1548.5020000010627	-70.78328597711904
1548.5200000010632	-70.18479564330731
1548.5380000010637	-69.57582601623979
1548.5560000010641	-68.95608859051723
1548.5740000010646	-68.32528054813694
1548.5920000010651	-67.6830837626903
1548.6100000010658	-67.02916371224408
1548.6280000010663	-66.36316829042835
1548.6460000010668	-65.68472650380083
1548.6640000010673	-64.99344704186731
1548.6820000010678	-64.28891670416357
1548.7000000010682	-63.570698666495886
1548.7180000010687	-62.838330565722906
1548.7360000010692	-62.091322379265286
1548.7540000010697	-61.32915407174625
1548.7720000010702	-60.55127297667784
1548.7900000010707	-59.757090875756504
1548.8080000010712	-58.945980731931
1548.8260000010716	-58.1172730247162
1548.8440000010721	-57.270251626948706
1548.8620000010726	-56.40414915094002
1548.880000001073	-55.518141678298335
1548.8980000010736	-54.61134277095738
1548.9160000010743	-53.68279664038718
1548.9340000010748	-52.731470326571014
1548.9520000010752	-51.75624470682369
1548.9700000010757	-50.75590411523094
1548.9880000010762	-49.729124304242035
1549.0060000010767	-48.674458417934446
1549.0240000010772	-47.59032056803343
1549.0420000010777	-46.47496650417872
1549.0600000010782	-45.32647074310299
1549.0780000010786	-44.14269935963575
1549.0960000010791	-42.921277436340866
1549.1140000010796	-41.6595499072301
1549.13200000108	-40.35453420333636
1549.1500000010806	-39.00286270670293
1549.168000001081	-37.600712550912874
1549.1860000010815	-36.14371981411863
1549.204000001082	-34.626874770040814
1549.2220000010825	-33.0443949482276
1549.2400000010832	-31.389574178892996
1549.2580000010837	-29.65461065708538
1549.2760000010842	-27.830430393674792
1549.2940000010847	-25.906556450778556
1549.3120000010852	-23.871159202665176
1549.3300000010856	-21.711633717637216
1549.3480000010861	-19.416574773146028
1549.3660000010866	-16.981304065567187
1549.384000001087	-14.422010226194413
1549.4020000010876	-11.808338126839404
1549.420000001088	-9.321343058900212
1549.4380000010885	-7.286366495545346
1549.456000001089	-6.009491128962056
1549.4740000010895	-5.46146042460586
1549.49200000109	-5.322213759634009
1549.5100000010905	-5.303782009653384
1549.528000001091	-5.268606979861069
1549.5460000010917	-5.182822373029187
1549.5640000010922	-5.060323079788911
1549.5820000010926	-4.930588791163477
1549.6000000010931	-4.821552274791652
1549.6180000010936	-4.750432196016342
1549.636000001094	-4.720484505832952
1549.6540000010946	-4.7228447232051955
1549.672000001095	-4.741528553008519
1549.6900000010955	-4.7589418725484585
1549.708000001096	-4.7599962226946415
1549.7260000010965	-4.734296628981992
1549.744000001097	-4.676797087320448
1549.7620000010975	-4.587551434751685
1549.780000001098	-4.471017861715806
1549.7980000010984	-4.335122146615936
1549.816000001099	-4.190108080062006
1549.8340000010994	-4.047151167716488
1549.8520000011	-3.9167807088683753
1549.8700000011006	-3.8073039261314614
1549.888000001101	-3.7235636615346346
1549.9060000011016	-3.666375577158419
1549.924000001102	-3.6328263673683017
1549.9420000011025	-3.617339477240403
1549.960000001103	-3.613183665990352
1549.9780000011035	-3.6140286356564477
1549.996000001104	-3.6152351248872243
1550.0140000011045	-3.6147100075705563
1550.032000001105	-3.6132686645332375
1550.0500000011054	-3.614495516445398
1550.068000001106	-3.624105058541007
1550.0860000011064	-3.6488322361184515
1550.104000001107	-3.694964612095657
1550.1220000011074	-3.766766255550843
1550.1400000011079	-3.865166631841399
1550.1580000011083	-3.987093166672582
1550.176000001109	-4.125658402048478
1550.1940000011095	-4.2711372412778355
1550.21200000111	-4.412440336684075
1550.2300000011105	-4.538724763423079
1550.248000001111	-4.640878827436772
1550.2660000011115	-4.712775449261527
1550.284000001112	-4.75230090877518
1550.3020000011124	-4.762169734346063
1550.320000001113	-4.750413112967005
1550.3380000011134	-4.730197870760742
1550.356000001114	-4.718396182668872
1550.3740000011144	-4.732333478885311
1550.3920000011149	-4.784745388510219
1550.4100000011153	-4.878237796309642
1550.4280000011158	-5.001726744035919
1550.4460000011163	-5.131276718589549
1550.4640000011168	-5.236543880788828
1550.4820000011173	-5.293871121405416
1550.500000001118	-5.310497511101903
1550.5180000011185	-5.3696626946131785
1550.536000001119	-5.692180298868761
1550.5540000011194	-6.616934602856728
1550.57200000112	-8.338611809023488
1550.5900000011204	-10.670973388584354
1550.608000001121	-13.259678978289598
1550.6260000011214	-15.856788542972795
1550.6440000011219	-18.351312214797282
1550.6620000011224	-20.70887458992393
1550.6800000011228	-22.927438116478037
1550.6980000011233	-25.016447779006562
1550.7160000011238	-26.98835803814535
1550.7340000011243	-28.855468047461986
1550.7520000011248	-30.62888173921649
1550.7700000011253	-32.318286622906406
1550.7880000011257	-33.93202907376026
1550.8060000011264	-35.47728009024624
1550.824000001127	-36.96021263017332
1550.8420000011274	-38.386162773777556
1550.860000001128	-39.759767284555195
1550.8780000011284	-41.08507785817799
1550.8960000011289	-42.36565492448763
1550.9140000011294	-43.604644391233656
1550.9320000011298	-44.80484048030625
1550.9500000011303	-45.9687373391301
1550.9680000011308	-47.09857162187798
1550.9860000011313	-48.19635780185084
1551.0040000011318	-49.263917616433865
1551.0220000011323	-50.302904756480956
1551.0400000011327	-51.31482568271882
1551.0580000011332	-52.301057271563344
1551.0760000011337	-53.26286185144401
1551.0940000011342	-54.20140007987709
1551.1120000011347	-55.11774202434837
1551.1300000011354	-56.01287674126312
1551.1480000011359	-56.88772059269249
1551.1660000011364	-57.74312449722892
1551.1840000011368	-58.57988027652554
1551.2020000011373	-59.3987262311646
1551.2200000011378	-60.20035205692906
1551.2380000011383	-60.98540319422525
1551.2560000011388	-61.7544846884479
1551.2740000011393	-62.508164626819706
1551.2920000011397	-63.24697720713829
1551.3100000011402	-63.971425485510444
1551.3280000011407	-64.6819838432114
1551.3460000011412	-65.37910020701682
1551.3640000011417	-66.06319805250287
1551.3820000011422	-66.73467821573088
1551.4000000011426	-67.39392053528908
1551.4180000011431	-68.04128534374631
1551.4360000011438	-68.6771148250933
1551.4540000011443	-69.301734252631
1551.4720000011448	-69.91545311995611
1551.4900000011453	-70.51856617613947
1551.5080000011458	-71.11135437485572
1551.5260000011463	-71.69408574606793
1551.5440000011467	-72.26701619786989
1551.5620000011472	-72.83039025522154
1551.5800000011477	-73.38444174155653
1551.5980000011482	-73.92939440858169
1551.6160000011487	-74.46546251901137
1551.6340000011492	-74.99285138647345
1551.6520000011496	-75.51175787637962
1551.6700000011501	-76.02237087116093
1551.6880000011506	-76.52487170292372
1551.706000001151	-77.01943455627627
1551.7240000011516	-77.50622684380457
1551.742000001152	-77.98540955643615
1551.7600000011528	-78.45713759071641
1551.7780000011533	-78.92156005483146
1551.7960000011537	-79.3788205550414
1551.8140000011542	-79.82905746403544
1551.8320000011547	-80.27240417258452
1551.8500000011552	-80.70898932574411
1551.8680000011557	-81.13893704475055
1551.8860000011562	-81.56236713565502
1551.9040000011566	-81.97939528565021
1551.9220000011571	-82.39013324796426
1551.9400000011576	-82.79468901612405
1551.958000001158	-83.19316698832353
1551.9760000011586	-83.58566812257376
1551.994000001159	-83.9722900832568
1552.0120000011595	-84.35312737965647
1552.03000000116	-84.7282714969945
1552.0480000011605	-85.09781102045918
1552.0660000011612	-85.4618317526774
1552.0840000011617	-85.82041682504624
1552.1020000011622	-86.17364680330944
1552.1200000011627	-86.52159978773619
1552.1380000011632	-86.86435150823291
1552.1560000011636	-87.20197541469553
1552.1740000011641	-87.53454276288744
1552.1920000011646	-87.86212269610878
1552.210000001165	-88.18478232290329
1552.2280000011656	-88.50258679103298
1552.246000001166	-88.81559935793479
1552.2640000011666	-89.12388145785856
1552.282000001167	-89.42749276587296
1552.3000000011675	-89.72649125891344
1552.318000001168	-90.02093327403469
1552.3360000011685	-90.31087356401977
1552.354000001169	-90.59636535048858
1552.3720000011695	-90.8774603746383
1552.3900000011702	-91.15420894574166
1552.4080000011706	-91.42665998751932
1552.4260000011711	-91.69486108249686
1552.4440000011716	-91.95885851444929
1552.462000001172	-92.21869730903016
1552.4800000011726	-92.47442127267625
1552.498000001173	-92.72607302987369
1552.5160000011736	-92.97369405886606
1552.534000001174	-93.21732472588037
1552.5520000011745	-93.4570043179425
1552.570000001175	-93.69277107434951
1552.5880000011755	-93.92466221686213
1552.606000001176	-94.15271397867807
1552.6240000011765	-94.37696163224176
1552.642000001177	-94.5974395159449
1552.6600000011774	-94.81418105976766
1552.678000001178	-95.02721880990873
1552.6960000011786	-95.23658445244891
1552.714000001179	-95.44230883609144
1552.7320000011796	-95.64442199401893
1552.75000000118	-95.84295316490555
1552.7680000011806	-96.03793081312062
1552.786000001181	-96.22938264815778
1552.8040000011815	-96.41733564332239
1552.822000001182	-96.60181605370809
1552.8400000011825	-96.78284943349169
1552.858000001183	-96.96046065257403
1552.8760000011835	-97.1346739125934
1552.894000001184	-97.30551276233639
1552.9120000011844	-97.47300011257002
1552.930000001185	-97.63715825031753
1552.9480000011854	-97.79800885259947
1552.9660000011859	-97.9555729996604
1552.9840000011864	-98.10987118770046
1553.0020000011868	-98.26092334113049
1553.0200000011876	-98.40874882436778
1553.038000001188	-98.55336645318957
1553.0560000011885	-98.69479450565991
1553.074000001189	-98.83305073264481
1553.0920000011895	-98.96815236793039
1553.11000000119	-99.1001161379572
1553.1280000011905	-99.2289582711843
1553.146000001191	-99.3546945070947
1553.1640000011914	-99.47734010485475
1553.182000001192	-99.59690985163775
1553.2000000011924	-99.71341807062343
1553.2180000011929	-99.82687862868246
1553.2360000011934	-99.93730494375632
1553.2540000011938	-100.04470999194139
1553.2720000011943	-100.14910631428593
1553.2900000011948	-100.25050602330845
1553.3080000011953	-100.34892080924507
1553.326000001196	-100.44436194603361
1553.3440000011965	-100.53684029704124
1553.362000001197	-100.62636632054266
1553.3800000011975	-100.71295007495506
1553.398000001198	-100.79660122383589
1553.4160000011984	-100.87732904064936
1553.434000001199	-100.95514241330667
1553.4520000011994	-101.03004984848582
1553.4700000011999	-101.10205947573485
1553.4880000012004	-101.17117905136409
1553.5060000012008	-101.2374159621308
1553.5240000012013	-101.300777228721
1553.5420000012018	-101.3612695090317
1553.5600000012023	-101.41889910125725
1553.5780000012028	-101.4736719467833
1553.5960000012033	-101.52559363289107
1553.6140000012037	-101.57466939527504
1553.6320000012045	-101.62090412037662
1553.650000001205	-101.66430234753605
1553.6680000012054	-101.70486827096497
1553.686000001206	-101.74260574154147
1553.7040000012064	-101.77751826842939
1553.7220000012069	-101.80960902052362
1553.7400000012074	-101.83888082772256
1553.7580000012078	-101.86533618202922
1553.7760000012083	-101.88897723848157
1553.7940000012088	-101.90980581591336
1553.8120000012093	-101.92782339754578
1553.8300000012098	-101.94303113141041
1553.8480000012103	-101.95542983060386
1553.8660000012108	-101.965019973374
1553.8840000012112	-101.97180170303756
1553.9020000012117	-101.9757748277293
1553.9200000012122	-101.97693881998141
1553.9380000012127	-101.97529281613335
1553.9560000012134	-101.97083561557037
1553.9740000012139	-101.96356567979043
1553.9920000012144	-101.95348113129766
1554.0100000012148	-101.94057975232118
1554.0280000012153	-101.9248589833574
1554.0460000012158	-101.9063159215342
1554.0640000012163	-101.88494731879456
1554.0820000012168	-101.86074957989759
1554.1000000012173	-101.83371876023432
1554.1180000012178	-101.8038505634555
1554.1360000012182	-101.77114033890828
1554.1540000012187	-101.73558307887903
1554.1720000012192	-101.69717341563812
1554.1900000012197	-101.65590561828355
1554.2080000012202	-101.61177358937918
1554.2260000012207	-101.5647708613831
1554.2440000012211	-101.5148905928622
1554.2620000012218	-101.4621255644876
1554.2800000012223	-101.4064681748057
1554.2980000012228	-101.34791043578021
1554.3160000012233	-101.28644396809852
1554.3340000012238	-101.22205999623671
1554.3520000012243	-101.15474934327676
1554.3700000012248	-101.08450242546921
1554.3880000012252	-101.01130924653376
1554.4060000012257	-100.93515939169052
1554.4240000012262	-100.85604202141376
1554.4420000012267	-100.77394586489966
1554.4600000012272	-100.68885921323938
1554.4780000012277	-100.60076991228757
1554.4960000012281	-100.50966535521704
1554.5140000012286	-100.4155324747485
1554.532000001229	-100.31835773504504
1554.5500000012296	-100.21812712325914
1554.56800000123	-100.11482614072048
1554.5860000012308	-100.00843979375136
1554.6040000012313	-99.8989525840966
1554.6220000012318	-99.78634849895309
1554.6400000012322	-99.67061100058457
1554.6580000012327	-99.55172301550542
1554.6760000012332	-99.42966692321697
1554.6940000012337	-99.30442454447858
1554.7120000012342	-99.17597712909527
1554.7300000012347	-99.044305343202
1554.7480000012351	-98.9093892560244
1554.7660000012356	-98.7712083260938
1554.784000001236	-98.62974138689417
1554.8020000012366	-98.48496663191631
1554.820000001237	-98.3368615990939
1554.8380000012376	-98.1854031545947
1554.856000001238	-98.03056747593817
1554.8740000012385	-97.87233003440946
1554.8920000012392	-97.71066557673794
1554.9100000012397	-97.54554810600692
1554.9280000012402	-97.3769508617584
1554.9460000012407	-97.20484629925596
1554.9640000012412	-97.02920606786518
1554.9820000012417	-96.85000098850979
