1510.0	-101.58367566271176
1510.0180000000005	-101.4499685878141
1510.036000000001	-101.31312907378855
1510.0540000000015	-101.17314039427433
1510.072000000002	-101.02998532133442
1510.0900000000024	-100.88364611591206
1510.108000000003	-100.73410451791452
1510.1260000000034	-100.58134173591277
1510.1440000000039	-100.4253384364422
1510.1620000000044	-100.26607473289035
1510.1800000000048	-100.10353017395693
1510.1980000000053	-99.93768373166955
1510.2160000000058	-99.76851378893885
1510.2340000000063	-99.59599812663613
1510.252000000007	-99.42011391017331
1510.2700000000075	-99.24083767556812
1510.288000000008	-99.05814531497262
1510.3060000000085	-98.87201206164355
1510.324000000009	-98.6824124743333
1510.3420000000094	-98.4893204210766
1510.36000000001	-98.29270906234838
1510.3780000000104	-98.09255083356658
1510.3960000000109	-97.88881742691234
1510.4140000000114	-97.68147977243807
1510.4320000000118	-97.4705080184335
1510.4500000000123	-97.25587151101584
1510.4680000000128	-97.03753877291207
1510.4860000000133	-96.81547748139533
1510.5040000000138	-96.58965444533871
1510.5220000000143	-96.36003558134576
1510.5400000000147	-96.12658588891593
1510.5580000000155	-95.88926942459919
1510.576000000016	-95.64804927509377
1510.5940000000164	-95.40288752923624
1510.612000000017	-95.1537452488315
1510.6300000000174	-94.9005824382661
1510.6480000000179	-94.64335801284646
1510.6660000000184	-94.38202976579838
1510.6840000000188	-94.11655433386241
1510.7020000000193	-93.84688716141298
1510.7200000000198	-93.5729824630284
1510.7380000000203	-93.29479318443066
1510.7560000000208	-93.01227096171145
1510.7740000000213	-92.72536607875483
1510.7920000000217	-92.4340274227613
1510.8100000000222	-92.13820243777191
1510.8280000000227	-91.83783707608302
1510.8460000000232	-91.53287574744157
1510.8640000000237	-91.2232612658911
1510.8820000000244	-90.90893479414629
1510.9000000000249	-90.5898357853491
1510.9180000000254	-90.26590192206415
1510.9360000000258	-89.93706905235031
1510.9540000000263	-89.60327112274143
1510.9720000000268	-89.26444010795193
1510.9900000000273	-88.92050593711703
1511.0080000000278	-88.57139641635374
1511.0260000000283	-88.21703714742524
1511.0440000000287	-87.85735144226445
1511.0620000000292	-87.4922602331023
1511.0800000000297	-87.12168197792295
1511.0980000000302	-86.74553256095025
1511.1160000000307	-86.36372518784347
1511.1340000000312	-85.97617027525993
1511.1520000000316	-85.58277533441063
1511.1700000000321	-85.18344484821051
1511.1880000000328	-84.77808014158867
1511.2060000000333	-84.36657924448953
1511.2240000000338	-83.94883674706115
1511.2420000000343	-83.5247436464791
1511.2600000000348	-83.09418718481247
1511.2780000000353	-82.65705067728462
1511.2960000000357	-82.21321333022931
1511.3140000000362	-81.76255004797588
1511.3320000000367	-81.30493122783335
1511.3500000000372	-80.84022254226879
1511.3680000000377	-80.36828470728722
1511.3860000000382	-79.88897323593476
1511.4040000000386	-79.40213817574028
1511.4220000000391	-78.90762382880153
1511.4400000000396	-78.40526845309074
1511.45800000004	-77.89490394342013
1511.4760000000406	-77.37635549034961
1511.494000000041	-76.84944121514047
1511.5120000000418	-76.31397177867069
1511.5300000000423	-75.76974996200005
1511.5480000000427	-75.216570216036
1511.5660000000432	-74.6542181774631
1511.5840000000437	-74.08247014779809
1511.6020000000442	-73.50109253207113
1511.6200000000447	-72.90984123323697
1511.6380000000452	-72.30846099796732
1511.6560000000457	-71.69668470895958
1511.6740000000461	-71.07423261830857
1511.6920000000466	-70.44081151582026
1511.710000000047	-69.79611382537686
1511.7280000000476	-69.1398166215803
1511.746000000048	-68.4715805578945
1511.7640000000486	-67.79104869632664
1511.782000000049	-67.09784522734958
1511.8000000000495	-66.3915740671882
1511.8180000000502	-65.67181731777086
1511.8360000000507	-64.93813357253025
1511.8540000000512	-64.19005604872653
1511.8720000000517	-63.42709052405982
1511.8900000000522	-62.64871305188775
1511.9080000000527	-61.854367425280245
1511.9260000000531	-61.04346235533154
1511.9440000000536	-60.21536832337597
1511.962000000054	-59.369414059882324
1511.9800000000546	-58.50488259455436
1511.998000000055	-57.621006812206375
1512.0160000000556	-56.716964436963345
1512.034000000056	-55.7918723527178
1512.0520000000565	-54.84478014994974
1512.070000000057	-53.87466276717896
1512.0880000000575	-52.8804120684629
1512.106000000058	-51.86082716519743
1512.1240000000587	-50.81460324937035
1512.1420000000592	-49.74031865433501
1512.1600000000597	-48.63641979549612
1512.1780000000601	-47.501203563868366
1512.1960000000606	-46.33279664641046
1512.214000000061	-45.12913112398464
1512.2320000000616	-43.88791554616819
1512.250000000062	-42.60660049837505
1512.2680000000626	-41.282337460884825
1512.286000000063	-39.911929521120214
1512.3040000000635	-38.49177227224659
1512.322000000064	-37.01778309641304
1512.3400000000645	-35.485317186010825
1512.358000000065	-33.889069545373964
1512.3760000000655	-32.22296483129511
1512.394000000066	-30.480043455694403
1512.4120000000664	-28.65236790912238
1512.430000000067	-26.731009274735293
1512.4480000000676	-24.706257114317832
1512.466000000068	-22.56838880083461
1512.4840000000686	-20.309780662160403
1512.502000000069	-17.930147970053497
1512.5200000000696	-15.448734029395848
1512.53800000007	-12.92996734818444
1512.5560000000705	-10.52523533702587
1512.574000000071	-8.495138704261924
1512.5920000000715	-7.102088135422506
1512.610000000072	-6.378932146456531
1512.6280000000725	-6.10224607993095
1512.646000000073	-6.0175994648197975
1512.6640000000734	-5.976051907314578
1512.682000000074	-5.92305882046994
1512.7000000000744	-5.853544165555719
1512.7180000000749	-5.780523508861344
1512.7360000000754	-5.718308405542088
1512.754000000076	-5.674850979084837
1512.7720000000766	-5.6498608213357295
1512.790000000077	-5.636490116635225
1512.8080000000775	-5.62459923751545
1512.826000000078	-5.603977193840758
1512.8440000000785	-5.566622592282863
1512.862000000079	-5.507907645801082
1512.8800000000795	-5.426846761174441
1512.89800000008	-5.325776131487256
1512.9160000000804	-5.209677317330433
1512.934000000081	-5.085283917807658
1512.9520000000814	-4.9600634548479565
1512.9700000000819	-4.841176180936934
1512.9880000000824	-4.734551920259079
1513.0060000000828	-4.644250182155013
1513.0240000000833	-4.5722376846546995
1513.0420000000838	-4.518622859082627
1513.0600000000843	-4.482262439704177
1513.078000000085	-4.46155538007153
1513.0960000000855	-4.455202519182217
1513.114000000086	-4.462738543936927
1513.1320000000865	-4.484711768682422
1513.150000000087	-4.522471772242974
1513.1680000000874	-4.57761220973223
1513.186000000088	-4.651200000274493
1513.2040000000884	-4.74298871991731
1513.2220000000889	-4.8508373894736065
1513.2400000000894	-4.970513097545191
1513.2580000000899	-5.095952015441519
1513.2760000000903	-5.219929359383036
1513.2940000000908	-5.334998893175868
1513.3120000000913	-5.434537048862461
1513.3300000000918	-5.51375397392107
1513.3480000000923	-5.5705723121168145
1513.3660000000928	-5.606279969155828
1513.3840000000935	-5.625811142307108
1513.402000000094	-5.637414152438177
1513.4200000000944	-5.651398331292416
1513.438000000095	-5.677758344129385
1513.4560000000954	-5.722903835683441
1513.4740000000959	-5.786456425942269
1513.4920000000964	-5.859787739874788
1513.5100000000969	-5.928299573320054
1513.5280000000973	-5.979694038922551
1513.5460000000978	-6.021773310787733
1513.5640000000983	-6.115265798869576
1513.5820000000988	-6.418838117898215
1513.6000000000993	-7.192342455975023
1513.6180000000998	-8.645070355897618
1513.6360000001002	-10.718535061635926
1513.6540000001007	-13.141660542651831
1513.6720000001012	-15.661601236335905
1513.6900000001017	-18.136018640344542
1513.7080000001024	-20.50575387980381
1513.7260000001029	-22.75397184144293
1513.7440000001034	-24.881916600060734
1513.7620000001039	-26.89753052374318
1513.7800000001043	-28.810590124264568
1513.7980000001048	-30.63075816374965
1513.8160000001053	-32.36688314224342
1513.8340000001058	-34.02681750476329
1513.8520000001063	-35.61744180991151
1513.8700000001068	-37.14476172658399
1513.8880000001072	-38.61402223360021
1513.9060000001077	-40.029816943610406
1513.9240000001082	-41.39618493212091
1513.9420000001087	-42.71669354400856
1513.9600000001092	-43.99450805781296
1513.9780000001097	-45.23244988726336
1513.9960000001101	-46.433045117648916
1514.0140000001109	-47.59856502657452
1514.0320000001113	-48.73106000729371
1514.0500000001118	-49.83238807563674
1514.0680000001123	-50.90423892823404
1514.0860000001128	-51.948154338768646
1514.1040000001133	-52.9655455299399
1514.1220000001138	-53.95770803798538
1514.1400000001142	-54.925834489377046
1514.1580000001147	-55.871025631343116
1514.1760000001152	-56.79429989538158
1514.1940000001157	-57.69660172277384
1514.2120000001162	-58.57880884075669
1514.2300000001167	-59.44173864544563
1514.2480000001171	-60.28615382120055
1514.2660000001176	-61.11276730468922
1514.284000000118	-61.92224668435453
1514.3020000001186	-62.715218111633035
1514.320000000119	-63.49226978843096
1514.3380000001198	-64.25395508557833
1514.3560000001203	-65.00079533885297
1514.3740000001208	-65.73328236239323
1514.3920000001212	-66.45188071364987
1514.4100000001217	-67.15702973926061
1514.4280000001222	-67.84914542722375
1514.4460000001227	-68.52862208733785
1514.4640000001232	-69.1958338790025
1514.4820000001237	-69.85113620300946
1514.5000000001241	-70.49486697185297
1514.5180000001246	-71.12734777129492
1514.5360000001251	-71.74888492436311
1514.5540000001256	-72.35977046763293
1514.572000000126	-72.96028304848394
1514.5900000001266	-73.55068875102295
1514.608000000127	-74.13124185749555
1514.6260000001275	-74.70218555124737
1514.6440000001282	-75.26375256663512
1514.6620000001287	-75.81616579070533
1514.6800000001292	-76.35963882095075
1514.6980000001297	-76.894376483004
1514.7160000001302	-77.42057531173293
1514.7340000001307	-77.9384239988556
1514.7520000001311	-78.44810380987865
1514.7700000001316	-78.94978897289153
1514.7880000001321	-79.44364704150749
1514.8060000001326	-79.92983923401718
1514.824000000133	-80.40852075063796
1514.8420000001336	-80.87984107055834
1514.860000000134	-81.34394423033041
1514.8780000001345	-81.80096908502024
1514.896000000135	-82.25104955340042
1514.9140000001355	-82.6943148483613
1514.932000000136	-83.130889693612
1514.9500000001365	-83.56089452765474
1514.9680000001372	-83.98444569593048
1514.9860000001377	-84.40165563196275
1515.0040000001381	-84.8126330282568
1515.0220000001386	-85.217482997651
1515.0400000001391	-85.61630722576265
1515.0580000001396	-86.00920411511783
1515.07600000014	-86.39626892151199
1515.0940000001406	-86.7775938831029
1515.112000000141	-87.15326834270245
1515.1300000001415	-87.52337886369695
1515.148000000142	-87.888009339994
1515.1660000001425	-88.2472411003652
1515.184000000143	-88.60115300752774
1515.2020000001435	-88.94982155228189
1515.220000000144	-89.29332094300064
1515.2380000001444	-89.63172319074496
1515.256000000145	-89.96509819026198
1515.2740000001456	-90.29351379710228
1515.2920000001461	-90.61703590108051
1515.3100000001466	-90.93572849628313
1515.328000000147	-91.24965374782086
1515.3460000001476	-91.5588720555018
1515.364000000148	-91.86344211459746
1515.3820000001485	-92.16342097385836
1515.400000000149	-92.45886409092606
1515.4180000001495	-92.7498253852819
1515.43600000015	-93.03635728886077
1515.4540000001505	-93.31851079445256
1515.472000000151	-93.5963355020044
1515.4900000001514	-93.86987966293263
1515.508000000152	-94.13919022254387
1515.5260000001524	-94.40431286065987
1515.544000000153	-94.66529203053732
1515.5620000001534	-94.92217099616295
1515.5800000001539	-95.17499186800723
1515.5980000001546	-95.42379563730705
1515.616000000155	-95.6686222089505
1515.6340000001555	-95.90951043302834
1515.652000000156	-96.14649813511532
1515.6700000001565	-96.37962214533992
1515.688000000157	-96.60891832629859
1515.7060000001575	-96.83442159986669
1515.724000000158	-97.056165972956
1515.7420000001584	-97.27418456226657
1515.760000000159	-97.48850961807597
1515.7780000001594	-97.69917254710953
1515.79600000016	-97.90620393453067
1515.8140000001604	-98.10963356508904
1515.8320000001609	-98.30949044346328
1515.8500000001613	-98.505802813831
1515.8680000001618	-98.69859817869897
1515.8860000001623	-98.88790331702468
1515.904000000163	-99.07374430165623
1515.9220000001635	-99.2561465161208
1515.940000000164	-99.43513467078553
1515.9580000001645	-99.61073281841712
1515.976000000165	-99.7829643691626
1515.9940000001654	-99.95185210497505
1516.012000000166	-100.11741819350418
1516.0300000001664	-100.27968420147296
1516.048000000167	-100.43867110755946
1516.0660000001674	-100.59439931480169
1516.0840000001679	-100.74688866254382
1516.1020000001683	-100.8961584379391
1516.1200000001688	-101.04222738702688
1516.1380000001693	-101.1851137253974
1516.1560000001698	-101.32483514845919
1516.1740000001703	-101.46140884132302
1516.1920000001708	-101.59485148831484
1516.2100000001712	-101.72517928213034
1516.228000000172	-101.85240793264296
1516.2460000001724	-101.9765526753764
1516.264000000173	-102.09762827965234
1516.2820000001734	-102.21564905642354
1516.300000000174	-102.33062886580223
1516.3180000001744	-102.4425811242923
1516.3360000001749	-102.5515188117351
1516.3540000001753	-102.65745447797585
1516.3720000001758	-102.76040024926016
1516.3900000001763	-102.86036783436664
1516.4080000001768	-102.95736853048405
1516.4260000001773	-103.05141322883858
1516.4440000001778	-103.1425124200791
1516.4620000001783	-103.23067619942499
1516.4800000001787	-103.31591427158384
1516.4980000001792	-103.39823595544318
1516.5160000001797	-103.47765018854261
1516.5340000001804	-103.55416553133023
1516.552000000181	-103.62779017120884
1516.5700000001814	-103.69853192637594
1516.5880000001819	-103.76639824946137
1516.6060000001823	-103.83139623096712
1516.6240000001828	-103.89353260251234
1516.6420000001833	-103.95281373988743
1516.6600000001838	-104.00924566591995
1516.6780000001843	-104.06283405315561
1516.6960000001848	-104.11358422635706
1516.7140000001853	-104.16150116482271
1516.7320000001857	-104.20658950452845
1516.7500000001862	-104.24885354009363
1516.7680000001867	-104.28829722657413
1516.7860000001872	-104.32492418108339
1516.8040000001877	-104.35873768424342
1516.8220000001882	-104.38974068146719
1516.8400000001886	-104.41793578407312
1516.8580000001893	-104.44332527023319
1516.8760000001898	-104.46591108575493
1516.8940000001903	-104.48569484469849
1516.9120000001908	-104.5026778298284
1516.9300000001913	-104.51686099290136
1516.9480000001918	-104.52824495478909
1516.9660000001923	-104.53683000543664
1516.9840000001927	-104.5426161036559
1517.0020000001932	-104.5456028767537
1517.0200000001937	-104.54578961999376
1517.0380000001942	-104.54317529589187
1517.0560000001947	-104.53775853334304
1517.0740000001952	-104.52953762657962
1517.0920000001956	-104.51851053395885
1517.1100000001961	-104.5046748765781
1517.1280000001966	-104.48802793671639
1517.146000000197	-104.46856665609985
1517.1640000001978	-104.44628763398879
1517.1820000001983	-104.42118712508457
1517.2000000001988	-104.39326103725284
1517.2180000001993	-104.36250492906096
1517.2360000001997	-104.32891400712597
1517.2540000002002	-104.29248312327033
1517.2720000002007	-104.25320677148125
1517.2900000002012	-104.21107908467027
1517.3080000002017	-104.16609383122889
1517.3260000002022	-104.1182444113758
1517.3440000002026	-104.067523853291
1517.3620000002031	-104.01392480903242
1517.3800000002036	-103.95743955022924
1517.398000000204	-103.89805996354636
1517.4160000002046	-103.835777545915
1517.434000000205	-103.77058339952225
1517.4520000002055	-103.70246822655362
1517.4700000002063	-103.63142232368163
1517.4880000002067	-103.55743557629297
1517.5060000002072	-103.48049745244688
1517.5240000002077	-103.40059699655613
1517.5420000002082	-103.31772282278283
1517.5600000002087	-103.23186310813922
1517.5780000002092	-103.14300558528495
1517.5960000002096	-103.05113753500977
1517.6140000002101	-102.95624577839226
1517.6320000002106	-102.85831666862252
1517.650000000211	-102.75733608247816
1517.6680000002116	-102.6532894114404
1517.686000000212	-102.54616155243822
1517.7040000002125	-102.43593689820621
1517.722000000213	-102.32259932724281
1517.7400000002135	-102.20613219335249
1517.758000000214	-102.08651831475771
1517.7760000002145	-101.96373996276253
1517.7940000002152	-101.83777884995084
1517.8120000002157	-101.70861611790103
1517.8300000002162	-101.57623232439707
1517.8480000002166	-101.44060743011558
1517.8660000002171	-101.30172078476733
1517.8840000002176	-101.15955111267014
1517.902000000218	-101.01407649772926
1517.9200000002186	-100.86527436779934
1517.938000000219	-100.71312147840197
1517.9560000002195	-100.55759389576926
1517.97400000022	-100.39866697918497
1517.9920000002205	-100.23631536258986
1518.010000000221	-100.07051293541977
1518.0280000002215	-99.90123282263922
1518.046000000222	-99.72844736393432
1518.0640000002224	-99.55212809202533
1518.082000000223	-99.37224571005677
1518.1000000002236	-99.18877006802049
1518.1180000002241	-99.00167013816579
1518.1360000002246	-98.8109139893457
1518.154000000225	-98.61646876024716
1518.1720000002256	-98.41830063144967
1518.190000000226	-98.2163747962518
1518.2080000002265	-98.010655430204
1518.226000000227	-97.80110565927944
1518.2440000002275	-97.58768752661267
1518.262000000228	-97.37036195772959
1518.2800000002285	-97.14908872418934
1518.298000000229	-96.92382640555041
1518.3160000002295	-96.69453234957224
1518.33400000023	-96.46116263055274
1518.3520000002304	-96.22367200569856
1518.370000000231	-95.98201386941884
1518.3880000002314	-95.73614020542111
1518.4060000002319	-95.48600153648628
1518.4240000002326	-95.23154687178499
1518.442000000233	-94.97272365159276
1518.4600000002335	-94.70947768924732
1518.478000000234	-94.44175311018489
1518.4960000002345	-94.16949228787459
1518.514000000235	-93.89263577646364
1518.5320000002355	-93.61112223992663
1518.550000000236	-93.3248883774988
1518.5680000002365	-93.03386884515996
1518.586000000237	-92.73799617291102
1518.6040000002374	-92.43720067757206
1518.622000000238	-92.1314103708061
1518.6400000002384	-91.82055086205051
1518.6580000002389	-91.50454525601234
1518.6760000002394	-91.18331404435773
1518.6940000002398	-90.8567749911934
1518.7120000002403	-90.52484301190594
1518.730000000241	-90.18743004489126
1518.7480000002415	-89.84444491566093
1518.766000000242	-89.49579319277672
1518.7840000002425	-89.14137703500953
1518.802000000243	-88.781095029072
1518.8200000002435	-88.41484201721426
1518.838000000244	-88.0425089139093
1518.8560000002444	-87.66398251078387
1518.874000000245	-87.279145268877
1518.8920000002454	-86.88787509721743
1518.9100000002459	-86.49004511662423
1518.9280000002464	-86.08552340752439
1518.9460000002468	-85.6741727404706
1518.9640000002473	-85.25585028791232
1518.9820000002478	-84.83040731563234
1519.0000000002483	-84.39768885210316
1519.0180000002488	-83.95753333384303
1519.0360000002493	-83.50977222465764
1519.05400000025	-83.05422960643286
1519.0720000002505	-82.5907217389112
1519.090000000251	-82.11905658560532
1519.1080000002514	-81.63903330271049
1519.126000000252	-81.15044168754282
1519.1440000002524	-80.6530615826529
1519.1620000002529	-80.14666223136004
1519.1800000002534	-79.63100157997951
1519.1980000002538	-79.10582552151584
1519.2160000002543	-78.57086707501405
1519.2340000002548	-78.02584549414465
1519.2520000002553	-77.4704652978926
1519.2700000002558	-76.9044152154732
1519.2880000002563	-76.32736703675918
1519.3060000002567	-75.73897435861598
1519.3240000002572	-75.13887121659424
1519.3420000002577	-74.52667059042673
1519.3600000002584	-73.9019627707785
1519.378000000259	-73.26431357371382
1519.3960000002594	-72.61326238846718
1519.4140000002599	-71.94832004343313
1519.4320000002604	-71.26896647499139
1519.4500000002608	-70.57464818410394
1519.4680000002613	-69.86477546692765
1519.4860000002618	-69.13871940852992
1519.5040000002623	-68.39580863397073
1519.5220000002628	-67.63532581974533
1519.5400000002633	-66.85650398262166
1519.5580000002637	-66.05852258490361
1519.5760000002642	-65.24050352905729
1519.5940000002647	-64.40150716629843
1519.6120000002652	-63.54052852200599
1519.6300000002657	-62.65649405898137
1519.6480000002662	-61.74825947764887
1519.6660000002666	-60.8146093207896
1519.6840000002674	-59.85425955546141
1519.7020000002678	-58.86586491673958
1519.7200000002683	-57.848033723327646
1519.7380000002688	-56.79935427454154
1519.7560000002693	-55.71843905019463
1519.7740000002698	-54.603996104484054
1519.7920000002703	-53.45494174604901
1519.8100000002707	-52.27057541473297
1519.8280000002712	-51.050847149892675
1519.8460000002717	-49.7967602016439
1519.8640000002722	-48.510964272193526
1519.8820000002727	-47.19860164233447
1519.9000000002732	-45.86845076251522
1519.9180000002737	-44.5343306293708
1519.9360000002741	-43.21651911275457
1519.9540000002746	-41.942537426062394
1519.972000000275	-40.74613225315511
1519.9900000002758	-39.66310162633204
1520.0080000002763	-38.72364769763246
1520.0260000002768	-37.943567039581055
1520.0440000002773	-37.31894976006367
1520.0620000002777	-36.82789228435506
1520.0800000002782	-36.438098101444055
1520.0980000002787	-36.11577381179335
1520.1160000002792	-35.83194411695759
1520.1340000002797	-35.56518391216916
1520.1520000002802	-35.30174336357766
1520.1700000002807	-35.034412070187244
1520.1880000002811	-34.761037382798314
1520.2060000002816	-34.48311471441756
1520.224000000282	-34.20455893847315
1520.2420000002826	-33.93063614007466
1520.260000000283	-33.66701441936809
1520.2780000002836	-33.41892393227481
1520.296000000284	-33.19046079228607
1520.3140000002848	-32.984098766521946
1520.3320000002852	-32.800469345511445
1520.3500000002857	-32.63843301947769
1520.3680000002862	-32.495408342981726
1520.3860000002867	-32.36787590067724
1520.4040000002872	-32.25195159610966
1520.4220000002877	-32.14393208914297
1520.4400000002881	-32.040744247686085
1520.4580000002886	-31.940264151342326
1520.476000000289	-31.841497227560858
1520.4940000002896	-31.744624981496592
1520.51200000029	-31.650927611301725
1520.5300000002906	-31.562591174780522
1520.548000000291	-31.482409021104154
1520.5660000002915	-31.41339443155969
1520.584000000292	-31.358336033235872
1520.6020000002925	-31.319346285246347
1520.6200000002932	-31.297468654078084
1520.6380000002937	-31.292411928385345
1520.6560000002942	-31.302464848613006
1520.6740000002947	-31.324613183564022
1520.6920000002951	-31.354845265731335
1520.7100000002956	-31.38860480073419
1520.728000000296	-31.42134140683632
1520.7460000002966	-31.449120939489497
1520.764000000297	-31.46928196744206
1520.7820000002976	-31.481149686150374
1520.800000000298	-31.48682958452445
1520.8180000002985	-31.49208245663717
1520.836000000299	-31.507206152239267
1520.8540000002995	-31.547692893529934
1520.8720000003	-31.63419749956747
1520.8900000003005	-31.79114428856117
1520.908000000301	-32.04339549837842
1520.9260000003014	-32.41115094912805
1520.9440000003021	-32.90458379126874
1520.9620000003026	-33.52066261858927
1520.980000000303	-34.24389894151465
1520.9980000003036	-35.05056444508311
1521.016000000304	-35.91413425899789
1521.0340000003046	-36.80972800985777
1521.052000000305	-37.71658360649272
1521.0700000003055	-38.618773947320896
1521.088000000306	-39.50484830900944
1521.1060000003065	-40.36702005246667
1521.124000000307	-41.20028590920007
1521.1420000003075	-42.00165506663111
1521.160000000308	-42.76954073821996
1521.1780000003084	-43.503307322481064
1521.196000000309	-44.202945202867625
1521.2140000003094	-44.86884250540289
1521.2320000003099	-45.50162738254951
1521.2500000003106	-46.102060284697814
1521.268000000311	-46.67096109407942
1521.2860000003116	-47.209160314236186
1521.304000000312	-47.71746672659782
1521.3220000003125	-48.19664623705978
1521.340000000313	-48.64740826054553
1521.3580000003135	-49.07039711998863
1521.376000000314	-49.466186714090554
1521.3940000003145	-49.83527724195214
1521.412000000315	-50.17809313743353
1521.4300000003154	-50.49498161407759
1521.448000000316	-50.786211388464025
1521.4660000003164	-51.05197126038136
1521.4840000003169	-51.29236829868855
1521.5020000003174	-51.50742542326565
1521.5200000003179	-51.69707819317402
1521.5380000003183	-51.861170613585976
1521.5560000003188	-51.99944976169944
1521.5740000003195	-52.111559005630426
1521.59200000032	-52.19702954988314
1521.6100000003205	-52.25526998484703
1521.628000000321	-52.28555344320665
1521.6460000003215	-52.287001869166374
1521.664000000322	-52.258566781735624
1521.6820000003224	-52.19900575429491
1521.700000000323	-52.10685363153849
1521.7180000003234	-51.98038725368659
1521.7360000003239	-51.81758215116964
1521.7540000003244	-51.61605931406241
1521.7720000003249	-51.3730197562091
1521.7900000003253	-51.085164267357214
1521.8080000003258	-50.74859569129452
1521.8260000003263	-50.35870179470061
1521.8440000003268	-49.910019488768086
1521.8620000003273	-49.396088583198605
1521.880000000328	-48.80932178849322
1521.8980000003285	-48.14096240877589
1521.916000000329	-47.381308036420265
1521.9340000003294	-46.52063374802274
1521.95200000033	-45.55185394447741
1521.9700000003304	-44.47734671685228
1521.9880000003309	-43.32511625797002
1522.0060000003314	-42.18235913689237
1522.0240000003319	-41.24396163055791
1522.0420000003323	-40.80968112189787
1522.0600000003328	-41.09906405057808
1522.0780000003333	-42.02095136773906
1522.0960000003338	-43.276645912207755
1522.1140000003343	-44.61351707207413
1522.1320000003348	-45.899854646299396
1522.1500000003352	-47.08514643767472
1522.1680000003357	-48.157267916234886
1522.1860000003362	-49.119313749424094
1522.204000000337	-49.9793309694368
1522.2220000003374	-50.74615733791259
1522.240000000338	-51.427867020928126
1522.2580000003384	-52.031280776403605
1522.2760000003389	-52.56189061397309
1522.2940000003393	-53.02392895107087
1522.3120000003398	-53.42047138949666
1522.3300000003403	-53.75352857309332
1522.3480000003408	-54.024109892922176
1522.3660000003413	-54.23225252060996
1522.3840000003418	-54.377012879813016
1522.4020000003422	-54.45641840437207
1522.4200000003427	-54.46737744731077
1522.4380000003432	-54.405546347212024
1522.4560000003437	-54.26515800292251
1522.4740000003442	-54.03883286097465
1522.4920000003447	-53.71743833267832
1522.5100000003454	-53.290180517145565
1522.5280000003459	-52.74541691657136
1522.5460000003463	-52.07346415284346
1522.5640000003468	-51.274646390093935
1522.5820000003473	-50.38024022717024
1522.6000000003478	-49.49978194052335
1522.6180000003483	-48.89221348013407
1522.6360000003488	-48.94515184994634
1522.6540000003492	-49.86632516523557
1522.6720000003497	-51.42923123927416
1522.6900000003502	-53.24901603811956
1522.7080000003507	-55.07695440754883
1522.7260000003512	-56.81044781749057
1522.7440000003517	-58.421855449767214
1522.7620000003521	-59.91291060438481
1522.7800000003526	-61.294768064566256
1522.798000000353	-62.58038627974757
1522.8160000003538	-63.78189825358212
1522.8340000003543	-64.90987879761673
1522.8520000003548	-65.9732971787605
1522.8700000003553	-66.97969165871459
1522.8880000003558	-67.93539257105235
1522.9060000003562	-68.84573294141673
1522.9240000003567	-69.71522884071726
1522.9420000003572	-70.54772769947748
1522.9600000003577	-71.34652817934695
1522.9780000003582	-72.11447644747301
1522.9960000003587	-72.85404345572017
1523.0140000003591	-73.56738713244589
1523.0320000003596	-74.25640264835164
1523.0500000003601	-74.92276325682786
1523.0680000003606	-75.56795366616751
1523.086000000361	-76.19329747048309
1523.1040000003616	-76.79997983064935
1523.122000000362	-77.38906633715233
1523.1400000003628	-77.96151878662938
1523.1580000003632	-78.51820844943646
1523.1760000003637	-79.05992728607592
1523.1940000003642	-79.58739747749168
1523.2120000003647	-80.10127956182882
1523.2300000003652	-80.60217941347203
1523.2480000003657	-81.09065425544217
1523.2660000003661	-81.56721786079063
1523.2840000003666	-82.03234507040838
1523.3020000003671	-82.48647573208328
1523.3200000003676	-82.93001814746681
1523.338000000368	-83.36335209891973
1523.3560000003686	-83.78683151627548
1523.374000000369	-84.20078683381391
1523.3920000003695	-84.60552707975722
1523.41000000037	-85.00134173401733
1523.4280000003705	-85.38850238448725
1523.4460000003712	-85.76726420764957
1523.4640000003717	-86.13786729551168
1523.4820000003722	-86.50053784772231
1523.5000000003727	-86.85548924507678
1523.5180000003731	-87.20292301838923
1523.5360000003736	-87.54302972481624
1523.5540000003741	-87.87598974212038
1523.5720000003746	-88.20197398999186
1523.590000000375	-88.52114458638418
1523.6080000003756	-88.83365544582334
1523.626000000376	-89.13965282578582
1523.6440000003765	-89.43927582651044
1523.662000000377	-89.73265684896369
1523.6800000003775	-90.0199220151301
1523.698000000378	-90.30119155431643
1523.7160000003785	-90.57658015874232
1523.734000000379	-90.84619731132551
1523.7520000003794	-91.11014758825013
1523.7700000003802	-91.36853093862806
1523.7880000003806	-91.62144294331753
1523.8060000003811	-91.86897505474819
1523.8240000003816	-92.11121481940967
1523.842000000382	-92.34824608449466
1523.8600000003826	-92.58014919003682
1523.878000000383	-92.80700114775166
1523.8960000003835	-93.02887580767317
1523.914000000384	-93.24584401357156
1523.9320000003845	-93.45797374804678
1523.950000000385	-93.6653302681073
1523.9680000003855	-93.86797623197033
1523.986000000386	-94.0659718177531
1524.0040000003864	-94.25937483466357
1524.022000000387	-94.44824082724676
1524.0400000003874	-94.63262317319264
1524.058000000388	-94.81257317517003
1524.0760000003886	-94.98814014710972
1524.094000000389	-95.15937149532456
1524.1120000003896	-95.32631279482379
1524.13000000039	-95.48900786114669
1524.1480000003905	-95.64749881801718
1524.166000000391	-95.80182616109467
1524.1840000003915	-95.95202881807546
1524.202000000392	-96.09814420537923
1524.2200000003925	-96.24020828163574
1524.238000000393	-96.37825559817257
1524.2560000003934	-96.51231934668652
1524.274000000394	-96.64243140427016
1524.2920000003944	-96.76862237595
1524.310000000395	-96.89092163488354
1524.3280000003954	-97.00935736034847
1524.3460000003959	-97.12395657365113
1524.3640000003963	-97.23474517206935
1524.3820000003968	-97.3417479609376
1524.4000000003975	-97.44498868397523
1524.418000000398	-97.54449005194999
1524.4360000003985	-97.640273769764
1524.454000000399	-97.73236056204227
1524.4720000003995	-97.82077019729833
1524.4900000004	-97.90552151074712
1524.5080000004004	-97.9866324258289
1524.526000000401	-98.0641199745056
1524.5440000004014	-98.1380003163842
1524.562000000402	-98.20828875672069
1524.5800000004024	-98.27499976335176
1524.5980000004029	-98.33814698260015
1524.6160000004033	-98.39774325419529
1524.6340000004038	-98.45380062524788
1524.6520000004043	-98.50633036331499
1524.6700000004048	-98.55534296858849
1524.6880000004053	-98.60084818523872
1524.706000000406	-98.6428550119412
1524.7240000004065	-98.68137171161337
1524.742000000407	-98.7164058203856
1524.7600000004074	-98.7479641558289
1524.778000000408	-98.77605282446011
1524.7960000004084	-98.80067722854284
1524.814000000409	-98.82184207220195
1524.8320000004094	-98.8395513668662
1524.8500000004099	-98.85380843605377
1524.8680000004103	-98.86461591951247
1524.8860000004108	-98.87197577672579
1524.9040000004113	-98.87588928979467
1524.9220000004118	-98.87635706570221
1524.9400000004123	-98.87337903796954
1524.9580000004128	-98.8669544677075
1524.9760000004133	-98.85708194406845
1524.9940000004137	-98.84375938410217
1525.0120000004142	-98.82698403201653
1525.030000000415	-98.80675245784462
1525.0480000004154	-98.78306055551735
1525.066000000416	-98.75590354033946
1525.0840000004164	-98.72527594586694
1525.1020000004169	-98.69117162018073
1525.1200000004173	-98.6535837215518
1525.1380000004178	-98.6125047134914
1525.1560000004183	-98.56792635917806
1525.1740000004188	-98.51983971525244
1525.1920000004193	-98.46823512496962
1525.2100000004198	-98.41310221069799
1525.2280000004203	-98.35442986574975
1525.2460000004207	-98.29220624553109
1525.2640000004212	-98.22641875799351
1525.2820000004217	-98.1570540533715
1525.3000000004222	-98.08409801318516
1525.3180000004227	-98.00753573848934
1525.3360000004234	-97.92735153734513
1525.3540000004239	-97.84352891149155
1525.3720000004244	-97.75605054218948
1525.3900000004248	-97.66489827521195
1525.4080000004253	-97.57005310494986
1525.4260000004258	-97.47149515760073
1525.4440000004263	-97.36920367340743
1525.4620000004268	-97.26315698790899
1525.4800000004273	-97.15333251216498
1525.4980000004277	-97.03970671191095
1525.5160000004282	-96.92225508560065
1525.5340000004287	-96.80095214128686
1525.5520000004292	-96.67577137228994
1525.5700000004297	-96.54668523159967
1525.5880000004302	-96.41366510495145
1525.6060000004306	-96.27668128251673
1525.6240000004311	-96.13570292913866
1525.6420000004316	-95.99069805304511
1525.6600000004323	-95.84163347296146
1525.6780000004328	-95.68847478354402
1525.6960000004333	-95.53118631904688
1525.7140000004338	-95.36973111513176
1525.7320000004343	-95.20407086872082
1525.7500000004347	-95.03416589578954
1525.7680000004352	-94.859975086985
1525.7860000004357	-94.68145586095224
1525.8040000004362	-94.49856411523751
1525.8220000004367	-94.31125417463218
1525.8400000004372	-94.11947873680984
1525.8580000004376	-93.92318881509745
1525.8760000004381	-93.72233367821218
1525.8940000004386	-93.5168607867804
1525.912000000439	-93.30671572644465
1525.9300000004396	-93.09184213734767
1525.94800000044	-92.87218163976681
1525.9660000004408	-92.64767375565812
1525.9840000004413	-92.41825582584465
1526.0020000004417	-92.18386292257017
1526.0200000004422	-91.94442775711096
1526.0380000004427	-91.69988058212036
1526.0560000004432	-91.45014908834793
1526.0740000004437	-91.19515829535287
1526.0920000004442	-90.93483043579394
1526.1100000004446	-90.66908483285005
1526.1280000004451	-90.39783777028114
1526.1460000004456	-90.12100235460485
1526.164000000446	-89.83848836881367
1526.1820000004466	-89.55020211701122
1526.200000000447	-89.25604625929071
1526.2180000004475	-88.95591963611855
1526.236000000448	-88.6497170814208
1526.2540000004485	-88.33732922349695
1526.272000000449	-88.0186422728061
1526.2900000004497	-87.69353779558236
1526.3080000004502	-87.3618924721379
1526.3260000004507	-87.02357783860451
1526.3440000004512	-86.67846001074638
1526.3620000004516	-86.32639938834248
1526.3800000004521	-85.96725033849287
1526.3980000004526	-85.60086085603812
1526.416000000453	-85.22707219910356
1526.4340000004536	-84.84571849757938
1526.452000000454	-84.45662633212288
1526.4700000004545	-84.05961428102921
1526.488000000455	-83.65449243203435
1526.5060000004555	-83.24106185581974
1526.524000000456	-82.81911403764278
1526.5420000004565	-82.38843026315217
1526.560000000457	-81.94878095402602
1526.5780000004575	-81.49992494862092
1526.5960000004582	-81.04160872231547
1526.6140000004586	-80.5735655416833
1526.6320000004591	-80.09551454602614
1526.6500000004596	-79.60715974915315
1526.66800000046	-79.1081889535929
1526.6860000004606	-78.59827256868861
1526.704000000461	-78.07706232326194
1526.7220000004615	-77.5441898627654
1526.740000000462	-76.99926522010094
1526.7580000004625	-76.44187514862698
1526.776000000463	-75.8715813053872
1526.7940000004635	-75.28791827239415
1526.812000000464	-74.69039140405913
1526.8300000004645	-74.07847448987039
1526.848000000465	-73.45160722353378
1526.8660000004654	-72.80919247361612
1526.884000000466	-72.15059335705662
1526.9020000004664	-71.47513012700104
1526.920000000467	-70.78207690200496
1526.9380000004676	-70.07065828739202
1526.956000000468	-69.34004597529298
1526.9740000004685	-68.58935546332222
1526.992000000469	-67.8176431114486
1527.0100000004695	-67.0239038749552
1527.02800000047	-66.20707022729624
1527.0460000004705	-65.36601304824802
1527.064000000471	-64.49954564223744
1527.0820000004715	-63.60643263223171
1527.100000000472	-62.68540634027737
1527.1180000004724	-61.73519455576483
1527.136000000473	-60.75456550860647
1527.1540000004734	-59.74239868996622
1527.1720000004739	-58.697794270905874
1527.1900000004744	-57.62023968797641
1527.2080000004748	-56.509859821499404
1527.2260000004756	-55.36778684686369
1527.244000000476	-54.19669532513978
1527.2620000004765	-53.00155119019885
1527.280000000477	-51.79060476300652
1527.2980000004775	-50.5765869597755
1527.316000000478	-49.37789576188847
1527.3340000004785	-48.219244476846626
1527.352000000479	-47.13084276135322
1527.3700000004794	-46.145029087966506
1527.38800000048	-45.290014528983605
1527.4060000004804	-44.58236009288083
1527.4240000004809	-44.02179196219086
1527.4420000004814	-43.59152481067412
1527.4600000004818	-43.26391800137519
1527.4780000004823	-43.00811679239759
1527.4960000004828	-42.79618477058919
1527.5140000004833	-42.6063079667431
1527.532000000484	-42.423520759557675
1527.5500000004845	-42.23903466760191
1527.568000000485	-42.049048724880976
1527.5860000004855	-41.85351513060166
1527.604000000486	-41.65503084137284
1527.6220000004864	-41.45787093023544
1527.640000000487	-41.267130225562184
1527.6580000004874	-41.087948699204574
1527.6760000004879	-40.92482946003188
1527.6940000004884	-40.78109170860608
1527.7120000004888	-40.6585164150036
1527.7300000004893	-40.55723007666202
1527.7480000004898	-40.475834743788695
1527.7660000004903	-40.411745876000396
1527.7840000004908	-40.36166310546315
1527.8020000004913	-40.32208564925667
1527.8200000004917	-40.28979444397619
1527.8380000004922	-40.262247452484665
1527.856000000493	-40.23786061447539
1527.8740000004934	-40.21616583182517
1527.892000000494	-40.197846521027614
1527.9100000004944	-40.18465303214242
1527.9280000004949	-40.179199801140356
1527.9460000004954	-40.18464916947072
1527.9640000004958	-40.20429758576281
1527.9820000004963	-40.241099115016425
1528.0000000004968	-40.29718441435204
1528.0180000004973	-40.373451266649
1528.0360000004978	-40.46930466429793
1528.0540000004983	-40.58260444259166
1528.0720000004987	-40.70984087918882
1528.0900000004992	-40.84651760197836
1528.1080000004997	-40.98769342037778
1528.1260000005002	-41.1286307577589
1528.1440000005007	-41.265517371877735
1528.1620000005014	-41.39625928283174
1528.1800000005019	-41.521369721038184
1528.1980000005024	-41.6449803385519
1528.2160000005028	-41.775947847423694
1528.2340000005033	-41.92888271579576
1528.2520000005038	-42.12465688533066
1528.2700000005043	-42.389608862880024
1528.2880000005048	-42.75253010075857
1528.3060000005053	-43.239107113827146
1528.3240000005057	-43.86509965026094
1528.3420000005062	-44.631263424859384
1528.3600000005067	-45.52290273954375
1528.3780000005072	-46.514301484994746
1528.3960000005077	-47.57540734007022
1528.4140000005082	-48.677615634508115
1528.4320000005087	-49.79708145972581
1528.4500000005091	-50.915711432355344
1528.4680000005096	-52.020732623064134
1528.4860000005103	-53.103678290497555
1528.5040000005108	-54.15930145791465
1528.5220000005113	-55.18464193989145
1528.5400000005118	-56.17830544830714
1528.5580000005123	-57.13993859439988
1528.5760000005127	-58.06986003084464
1528.5940000005132	-58.968807232581824
1528.6120000005137	-59.83776548507963
1528.6300000005142	-60.67785392734973
1528.6480000005147	-61.49025062215948
1528.6660000005152	-62.276144078668985
1528.6840000005157	-63.036702590537274
1528.7020000005161	-63.77305550829095
1528.7200000005166	-64.48628245987359
1528.738000000517	-65.17740782433522
1528.7560000005176	-65.84739863909624
1528.774000000518	-66.49716471386249
1528.7920000005188	-67.12756012545645
1528.8100000005193	-67.73938553962516
1528.8280000005198	-68.33339099024252
1528.8460000005202	-68.91027887146944
1528.8640000005207	-69.47070698341018
1528.8820000005212	-70.01529152946401
1528.9000000005217	-70.54461000259386
1528.9180000005222	-71.05920392403834
1528.9360000005227	-71.55958141557531
1528.9540000005231	-72.04621959807893
1528.9720000005236	-72.5195668166579
1528.990000000524	-72.9800446974171
1529.0080000005246	-73.42805004375404
1529.026000000525	-73.86395658168284
1529.0440000005256	-74.28811656440726
1529.062000000526	-74.70086224652039
1529.0800000005265	-75.10250723801748
1529.098000000527	-75.49334774787995
1529.1160000005277	-75.87366372643525
1529.1340000005282	-76.24371991508058
1529.1520000005287	-76.60376681131225
1529.1700000005292	-76.95404155636832
1529.1880000005297	-77.29476875216898
1529.2060000005301	-77.6261612136593
1529.2240000005306	-77.94842066210987
1529.242000000531	-78.2617383644221
1529.2600000005316	-78.56629572302141
1529.278000000532	-78.86226482049192
1529.2960000005326	-79.14980892272044
1529.314000000533	-79.42908294395929
1529.3320000005335	-79.70023387690061
1529.350000000534	-79.96340119056251
1529.3680000005345	-80.21871719852297
1529.386000000535	-80.46630739980137
1529.4040000005355	-80.70629079446933
1529.4220000005362	-80.93878017588196
1529.4400000005367	-81.16388240123678
1529.4580000005371	-81.38169864201494
1529.4760000005376	-81.5923246157084
1529.494000000538	-81.79585080010895
1529.5120000005386	-81.99236263131068
1529.530000000539	-82.18194068647139
1529.5480000005396	-82.3646608522779
1529.56600000054	-82.54059447996568
1529.5840000005405	-82.7098085276645
1529.602000000541	-82.87236569075871
1529.6200000005415	-83.0283245208846
1529.638000000542	-83.1777395341171
1529.6560000005425	-83.32066130883824
1529.674000000543	-83.45713657372312
1529.6920000005434	-83.58720828622216
1529.710000000544	-83.71091570187049
1529.7280000005444	-83.82829443470376
1529.746000000545	-83.93937650901574
1529.7640000005456	-84.04419040264588
1529.782000000546	-84.14276108194152
1529.8000000005466	-84.2351100284999
1529.818000000547	-84.32125525774681
1529.8360000005475	-84.4012113293723
1529.854000000548	-84.47498934959766
1529.8720000005485	-84.54259696520685
1529.890000000549	-84.60403834923005
1529.9080000005495	-84.65931417812114
1529.92600000055	-84.70842160022585
1529.9440000005504	-84.75135419528327
1529.962000000551	-84.78810192465401
1529.9800000005514	-84.8186510719097
1529.9980000005519	-84.84298417335953
1530.0160000005524	-84.86107993802247
1530.0340000005529	-84.8729131564837
1530.0520000005536	-84.8784545979976
1530.070000000554	-84.87767089511104
1530.0880000005545	-84.87052441499166
1530.106000000555	-84.8569731165384
1530.1240000005555	-84.83697039223983
1530.142000000556	-84.81046489361577
1530.1600000005565	-84.77740033893474
1530.178000000557	-84.73771530174369
1530.1960000005574	-84.691342978558
1530.214000000558	-84.63821093386757
1530.2320000005584	-84.57824082037536
1530.2500000005589	-84.51134807213221
1530.2680000005594	-84.43744156793224
1530.2860000005599	-84.35642326199701
1530.3040000005603	-84.26818777859478
1530.3220000005608	-84.172621966797
1530.3400000005613	-84.069604411072
1530.3580000005618	-83.95900489283109
1530.3760000005625	-83.84068379737278
1530.394000000563	-83.71449145989038
1530.4120000005635	-83.58026744330664
1530.430000000564	-83.43783973964804
1530.4480000005644	-83.2870238854415
1530.466000000565	-83.12762198018076
1530.4840000005654	-82.95942159521728
1530.5020000005659	-82.78219455844209
1530.5200000005664	-82.59569559776557
1530.5380000005669	-82.39966082360905
1530.5560000005673	-82.19380602729265
1530.5740000005678	-81.97782476822105
1530.5920000005683	-81.75138621799618
1530.6100000005688	-81.51413272382831
1530.6280000005693	-81.26567704666311
1530.6460000005698	-81.00559922098368
1530.6640000005702	-80.73344297293968
1530.682000000571	-80.44871162082195
1530.7000000005714	-80.15086336634874
1530.718000000572	-79.83930586600579
1530.7360000005724	-79.51338994778912
1530.754000000573	-79.17240230888365
1530.7720000005734	-78.81555699239959
1530.7900000005739	-78.44198539415244
1530.8080000005743	-78.05072449079225
1530.8260000005748	-77.64070290471109
1530.8440000005753	-77.21072432433192
1530.8620000005758	-76.75944767444997
1530.8800000005763	-76.28536327244643
1530.8980000005768	-75.78676400266518
1530.9160000005772	-75.26171028153203
1530.9340000005777	-74.70798725782265
1530.9520000005782	-74.12305228595557
1530.9700000005787	-73.50397022630835
1530.9880000005792	-72.84733359717197
1531.00600000058	-72.14916413817579
1531.0240000005804	-71.40479224259893
1531.0420000005809	-70.60871171699999
1531.0600000005813	-69.75441121887586
1531.0780000005818	-68.83419479231625
1531.0960000005823	-67.83903251218842
1531.1140000005828	-66.75855366075504
1531.1320000005833	-65.58147178346152
1531.1500000005838	-64.29716884711739
1531.1680000005842	-62.900235445963744
1531.1860000005847	-61.402213185956356
1531.2040000005852	-59.85913578849498
1531.2220000005857	-58.423532409197165
1531.2400000005862	-57.388805278644185
1531.2580000005867	-57.07753705880779
1531.2760000005871	-57.53197159689638
1531.2940000005876	-58.46239220037891
1531.3120000005883	-59.549537104886326
1531.3300000005888	-60.611062548303906
1531.3480000005893	-61.57432273608951
1531.3660000005898	-62.42023441845099
1531.3840000005903	-63.150833844419125
1531.4020000005908	-63.775004859065504
1531.4200000005912	-64.3028492319739
1531.4380000005917	-64.74365437323156
1531.4560000005922	-65.10528168977856
1531.4740000005927	-65.39408908140175
1531.4920000005932	-65.61503301579235
1531.5100000005937	-65.77181057522064
1531.5280000005941	-65.86698843190459
1531.5460000005946	-65.90210020088509
1531.5640000005951	-65.87770679169387
1531.5820000005956	-65.79341880074536
1531.600000000596	-65.64788094934356
1531.6180000005966	-65.43871854499368
1531.6360000005973	-65.16244658939102
1531.6540000005978	-64.81434568456487
1531.6720000005982	-64.3883198609248
1531.6900000005987	-63.876780592189334
1531.7080000005992	-63.27067471724401
1531.7260000005997	-62.559956534039145
1531.7440000006002	-61.73525652753372
1531.7620000006007	-60.79260306656947
1531.7800000006011	-59.7455699674378
1531.7980000006016	-58.65361269442345
1531.8160000006021	-57.67486798829937
1531.8340000006026	-57.10823394236048
1531.852000000603	-57.27275117109549
1531.8700000006036	-58.19733817190432
1531.888000000604	-59.586347100512675
1531.9060000006045	-61.12516810185609
1531.924000000605	-62.63739687749105
1531.9420000006057	-64.05416787339175
1531.9600000006062	-65.35860879066308
1531.9780000006067	-66.55426133401319
1531.9960000006072	-67.65127420456392
1532.0140000006077	-68.66098334176334
1532.0320000006082	-69.59397579439471
1532.0500000006086	-70.45952936389291
1532.0680000006091	-71.26557099466828
1532.0860000006096	-72.01881197880505
1532.10400000061	-72.72492631727901
1532.1220000006106	-73.38872266900589
1532.140000000611	-74.01429407607499
1532.1580000006115	-74.60514284189802
1532.176000000612	-75.16428269582173
1532.1940000006125	-75.69432172100672
1532.212000000613	-76.19752954438445
1532.2300000006135	-76.67589185768007
1532.248000000614	-77.13115480915413
1532.2660000006147	-77.56486130986146
1532.2840000006152	-77.9783808771934
1532.3020000006156	-78.37293429676268
1532.3200000006161	-78.74961411255438
1532.3380000006166	-79.10940174253453
1532.356000000617	-79.45318185078594
1532.3740000006176	-79.78175447765976
1532.392000000618	-80.09584532823015
1532.4100000006185	-80.39611454007719
1532.428000000619	-80.6831641891333
1532.4460000006195	-80.9575447431566
1532.46400000062	-81.21976063341707
1532.4820000006205	-81.47027508412917
1532.500000000621	-81.70951431431014
1532.5180000006214	-81.93787120676058
1532.536000000622	-82.15570852271007
1532.5540000006224	-82.36336172756498
1532.5720000006231	-82.56114148250074
1532.5900000006236	-82.74933584788626
1532.608000000624	-82.92821223732075
1532.6260000006246	-83.09801915511491
1532.644000000625	-83.25898774510661
1532.6620000006255	-83.41133317459335
1532.680000000626	-83.55525587372395
1532.6980000006265	-83.69094264780924
1532.716000000627	-83.81856767758167
1532.7340000006275	-83.9382934203818
1532.752000000628	-84.0502714235108
1532.7700000006284	-84.15464305950582
1532.788000000629	-84.25154019183401
1532.8060000006294	-84.34108577841894
1532.82400000063	-84.42339441948606
1532.8420000006304	-84.4985728554142
1532.8600000006309	-84.56672041959004
1532.8780000006316	-84.62792945066674
1532.896000000632	-84.68228566810794
1532.9140000006325	-84.72986851444689
1532.932000000633	-84.77075146729875
1532.9500000006335	-84.80500232381665
1532.968000000634	-84.83268345998113
1532.9860000006345	-84.85385206684752
1533.004000000635	-84.86856036563857
1533.0220000006354	-84.87685580336571
1533.040000000636	-84.87878123047449
1533.0580000006364	-84.87437506185034
1533.076000000637	-84.86367142237188
1533.0940000006374	-84.84670027806874
1533.1120000006379	-84.82348755382714
1533.1300000006383	-84.79405523847572
1533.1480000006388	-84.75842147799463
1533.1660000006393	-84.71660065749833
1533.1840000006398	-84.66860347257038
1533.2020000006405	-84.61443699045083
1533.220000000641	-84.5541047015132
1533.2380000006415	-84.48760656140685
1533.256000000642	-84.414939024182
1533.2740000006424	-84.33609506666208
1533.292000000643	-84.25106420427744
1533.3100000006434	-84.15983249852609
1533.328000000644	-84.06238255618231
1533.3460000006444	-83.95869352032702
1533.3640000006449	-83.84874105323384
1533.3820000006453	-83.73249731109966
1533.4000000006458	-83.60993091056704
1533.4180000006463	-83.48100688694359
1533.4360000006468	-83.34568664398114
1533.4540000006473	-83.20392789503333
1533.4720000006478	-83.05568459536543
1533.4900000006483	-82.90090686534478
1533.508000000649	-82.73954090419147
1533.5260000006494	-82.57152889391817
1533.54400000065	-82.39680889303347
1533.5620000006504	-82.21531471952945
1533.580000000651	-82.02697582260808
1533.5980000006514	-81.8317171425416
1533.6160000006519	-81.62945895798643
1533.6340000006523	-81.42011671999727
1533.6520000006528	-81.20360087190491
1533.6700000006533	-80.97981665412854
1533.6880000006538	-80.74866389289922
1533.7060000006543	-80.51003677175962
1533.7240000006548	-80.26382358458967
1533.7420000006553	-80.00990646877547
1533.7600000006557	-79.74816111699928
1533.7780000006562	-79.47845646596845
1533.7960000006567	-79.20065436022689
1533.8140000006572	-78.91460918900522
1533.832000000658	-78.62016749384884
1533.8500000006584	-78.3171675445328
1533.8680000006589	-78.00543888051176
1533.8860000006594	-77.68480181486905
1533.9040000006598	-77.3550668974133
1533.9220000006603	-77.01603433322094
1533.9400000006608	-76.66749335254532
1533.9580000006613	-76.30922152758748
1533.9760000006618	-75.94098403117063
1533.9940000006623	-75.56253283185211
1534.0120000006627	-75.17360581947719
1534.0300000006632	-74.77392585459138
1534.0480000006637	-74.36319973451958
1534.0660000006642	-73.94111706828598
1534.0840000006647	-73.50734905190117
1534.1020000006652	-73.06154713492124
1534.1200000006656	-72.60334156860752
1534.1380000006664	-72.132339825573
1534.1560000006668	-71.6481248805434
1534.1740000006673	-71.150253341949
1534.1920000006678	-70.63825342467356
1534.2100000006683	-70.11162275568282
1534.2280000006688	-69.56982600685465
1534.2460000006693	-69.01229235369131
1534.2640000006697	-68.43841276556168
1534.2820000006702	-67.8475371438933
1534.3000000006707	-67.2389713410758
1534.3180000006712	-66.61197411732306
1534.3360000006717	-65.96575412910096
1534.3540000006722	-65.29946709649288
1534.3720000006726	-64.61221337612665
1534.3900000006731	-63.90303628302473
1534.4080000006736	-63.1709216766663
1534.426000000674	-62.414799579996505
1534.4440000006746	-61.63354897414151
1534.4620000006753	-60.82600746403671
1534.4800000006758	-59.99098832636287
1534.4980000006763	-59.12730865537158
1534.5160000006767	-58.2338340917983
1534.5340000006772	-57.309548198878495
1534.5520000006777	-56.35365824905992
1534.5700000006782	-55.365754344448476
1534.5880000006787	-54.34604562666323
1534.6060000006792	-53.295705500889326
1534.6240000006796	-52.21736540643264
1534.6420000006801	-51.11579812198823
1534.6600000006806	-49.99881377941691
1534.678000000681	-48.87832894542746
1534.6960000006816	-47.77142180845065
1534.714000000682	-46.70092150298938
1534.7320000006825	-45.69474419379863
1534.750000000683	-44.783045590252975
1534.7680000006837	-43.992824767660146
1534.7860000006842	-43.34119787345786
1534.8040000006847	-42.83031422245895
1534.8220000006852	-42.44684448569862
1534.8400000006857	-42.1663888082162
1534.8580000006862	-41.96023896426982
1534.8760000006866	-41.80131671856209
1534.8940000006871	-41.66765510493799
1534.9120000006876	-41.54352908751994
1534.930000000688	-41.41911543264507
1534.9480000006886	-41.28951534277044
1534.966000000689	-41.15364290867893
1534.9840000006895	-41.01319197871098
1535.00200000069	-40.871726532491934
1535.0200000006905	-40.733872826869366
1535.038000000691	-40.604585657206165
1535.0560000006915	-40.48848511223342
1535.074000000692	-40.389291994804815
1535.0920000006927	-40.309412299915444
1535.1100000006932	-40.249721729898695
1535.1280000006936	-40.20957731034172
1535.1460000006941	-40.1870433296445
1535.1640000006946	-40.17927937102716
1535.182000000695	-40.183014399092215
1535.2000000006956	-40.19502901123633
1535.218000000696	-40.21258375369371
1535.2360000006965	-40.23375447830625
1535.254000000697	-40.257656136899186
1535.2720000006975	-40.28454878757732
1535.290000000698	-40.31582380580059
1535.3080000006985	-40.35386808661087
1535.326000000699	-40.401804971309105
1535.3440000006995	-40.46311815674873
1535.3620000007	-40.54118202939612
1535.3800000007004	-40.638747086566376
1535.3980000007011	-40.75745465383061
1535.4160000007016	-40.89746886130743
1535.434000000702	-41.05730509813142
1535.4520000007026	-41.23390121362438
1535.470000000703	-41.42293154395769
1535.4880000007036	-41.61932357668876
1535.506000000704	-41.817919573656056
1535.5240000007045	-42.01423626843135
1535.542000000705	-42.20530715614626
1535.5600000007055	-42.3906269060508
1535.578000000706	-42.57323291578827
1535.5960000007065	-42.76092331064437
1535.614000000707	-42.96747869951042
1535.6320000007074	-43.21347964560645
1535.650000000708	-43.52591271442562
1535.6680000007084	-43.93548000248299
1535.6860000007089	-44.47095723924662
1535.7040000007094	-45.15161186908646
1535.72200000071	-45.98089289925432
1535.7400000007106	-46.9450167467577
1535.758000000711	-48.01732653311534
1535.7760000007115	-49.16569245390659
1535.794000000712	-50.35918591150463
1535.8120000007125	-51.57198381274998
1535.830000000713	-52.78457180621298
1535.8480000007135	-53.98328065721259
1535.866000000714	-55.15914618120047
1535.8840000007144	-56.30669193522735
1535.902000000715	-57.422893301800144
1535.9200000007154	-58.5063856955457
1535.9380000007159	-59.55689445772295
1535.9560000007164	-60.57483887048248
1535.9740000007168	-61.561063409046625
1535.9920000007173	-62.51665832854577
1536.0100000007178	-63.44284153114819
1536.0280000007185	-64.34088188608621
1536.046000000719	-65.2120503440284
1536.0640000007195	-66.05758957092519
1536.08200000072	-66.87869585258822
1536.1000000007205	-67.67650907746227
1536.118000000721	-68.45210799065352
1536.1360000007214	-69.20650884248317
1536.154000000722	-69.94066617860082
1536.1720000007224	-70.65547493712826
1536.1900000007229	-71.35177329930288
1536.2080000007234	-72.03034592899031
1536.2260000007238	-72.69192736353321
1536.2440000007243	-73.33720540388612
1536.2620000007248	-73.96682440941136
1536.2800000007253	-74.58138844114052
1536.2980000007258	-75.18146422287556
1536.3160000007263	-75.76758390634586
1536.3340000007267	-76.34024763755284
1536.3520000007275	-76.89992592834662
1536.370000000728	-77.44706184146935
1536.3880000007284	-77.98207299968811
1536.406000000729	-78.50535343080128
1536.4240000007294	-79.0172752606817
1536.4420000007299	-79.51819026638671
1536.4600000007304	-80.00843130091353
1536.4780000007308	-80.48831360054935
1536.4960000007313	-80.95813598503314
1536.5140000007318	-81.41818195998218
1536.5320000007323	-81.86872073026855
1536.5500000007328	-82.31000813228762
1536.5680000007333	-82.74228749235866
1536.5860000007337	-83.16579041783483
1536.6040000007342	-83.58073752689565
1536.6220000007347	-83.98733912243117
1536.6400000007352	-84.38579581492029
1536.658000000736	-84.77629909873876
1536.6760000007364	-85.1590318859143
1536.6940000007369	-85.53416900096462
1536.7120000007374	-85.9018776401112
1536.7300000007378	-86.26231779785336
1536.7480000007383	-86.61564266360621
1536.7660000007388	-86.96199899085806
1536.7840000007393	-87.30152744107289
1536.8020000007398	-87.63436290436317
1536.8200000007403	-87.96063479877296
1536.8380000007407	-88.28046734984581
1536.8560000007412	-88.59397985200388
1536.8740000007417	-88.9012869131286
1536.8920000007422	-89.20249868361299
1536.9100000007427	-89.49772107104499
1536.9280000007432	-89.78705594158197
1536.9460000007437	-90.070601308988
1536.9640000007441	-90.3484515122205
1536.9820000007448	-90.62069738238434
1537.0000000007453	-90.88742639979885
1537.0180000007458	-91.14872284186696
1537.0360000007463	-91.40466792237686
1537.0540000007468	-91.65533992281873
1537.0720000007473	-91.90081431625191
1537.0900000007478	-92.14116388421581
1537.1080000007482	-92.37645882714111
1537.1260000007487	-92.60676686868096
1537.1440000007492	-92.83215335435258
1537.1620000007497	-93.05268134484697
1537.1800000007502	-93.26841170434194
1537.1980000007507	-93.47940318412547
1537.2160000007511	-93.68571250181569
1537.2340000007516	-93.88739441644387
1537.252000000752	-94.08450179964534
1537.2700000007526	-94.2770857031889
1537.2880000007533	-94.46519542305626
1537.3060000007538	-94.64887856027069
1537.3240000007543	-94.82818107865853
1537.3420000007548	-95.0031473597158
1537.3600000007552	-95.17382025474036
1537.3780000007557	-95.34024113437789
1537.3960000007562	-95.50244993572257
1537.4140000007567	-95.66048520710126
1537.4320000007572	-95.81438415066388
1537.4500000007577	-95.9641826628928
1537.4680000007581	-96.10991537313788
1537.4860000007586	-96.25161568027667
1537.504000000759	-96.38931578759221
1537.5220000007596	-96.52304673595623
1537.54000000076	-96.65283843539848
1537.5580000007606	-96.77871969513947
1537.576000000761	-96.90071825215676
1537.5940000007615	-97.01886079835336
1537.6120000007622	-97.13317300639011
1537.6300000007627	-97.24367955424057
1537.6480000007632	-97.35040414852477
1537.6660000007637	-97.45336954667204
1537.6840000007642	-97.55259757796262
1537.7020000007647	-97.64810916349218
1537.7200000007651	-97.7399243351028
1537.7380000007656	-97.8280622533194
1537.756000000766	-97.91254122432892
1537.7740000007666	-97.99337871603726
1537.792000000767	-98.07059137323608
1537.8100000007676	-98.14419503191002
1537.828000000768	-98.21420473271209
1537.8460000007685	-98.28063473363414
1537.864000000769	-98.34349852189621
1537.8820000007695	-98.4028088250774
1537.90000000077	-98.45857762150953
1537.9180000007707	-98.51081614995229
1537.9360000007712	-98.55953491856825
1537.9540000007717	-98.60474371321291
1537.9720000007721	-98.64645160505555
1537.9900000007726	-98.68466695754351
1538.008000000773	-98.71939743272195
1538.0260000007736	-98.75064999691993
1538.044000000774	-98.77843092581175
1538.0620000007746	-98.80274580886194
1538.080000000775	-98.8235995531605
1538.0980000007755	-98.84099638665396
1538.116000000776	-98.85493986077654
1538.1340000007765	-98.86543285248477
1538.152000000777	-98.87247756569758
1538.1700000007775	-98.87607553214188
1538.188000000778	-98.87622761160426
1538.2060000007784	-98.87293399158638
1538.2240000007791	-98.86619418636147
1538.2420000007796	-98.85600703542771
1538.26000000078	-98.84237070135327
1538.2780000007806	-98.8252826670063
1538.296000000781	-98.80473973216175
1538.3140000007816	-98.78073800947601
1538.332000000782	-98.7532729198185
1538.3500000007825	-98.72233918694798
1538.368000000783	-98.68793083152016
1538.3860000007835	-98.65004116441148
1538.404000000784	-98.60866277934181
1538.4220000007845	-98.56378754477838
1538.440000000785	-98.51540659509993
1538.4580000007854	-98.46351032099955
1538.476000000786	-98.4080883591018
1538.4940000007864	-98.34912958076835
1538.5120000007869	-98.2866220800635
1538.5300000007874	-98.22055316084928
1538.548000000788	-98.15090932297699
1538.5660000007886	-98.07767624753967
1538.584000000789	-98.0008387811468
1538.6020000007895	-97.92038091918042
1538.62000000079	-97.83628578798763
1538.6380000007905	-97.74853562596232
1538.656000000791	-97.65711176346379
1538.6740000007915	-97.56199460151804
1538.692000000792	-97.46316358924136
1538.7100000007924	-97.36059719992309
1538.728000000793	-97.25427290569824
1538.7460000007934	-97.14416715073696
1538.7640000007939	-97.03025532287079
1538.7820000007944	-96.91251172357062
1538.8000000007949	-96.79090953618481
1538.8180000007953	-96.66542079233814
1538.8360000007958	-96.53601633638553
1538.8540000007965	-96.40266578780577
1538.872000000797	-96.26533750141161
1538.8900000007975	-96.12399852524302
1538.908000000798	-95.97861455599966
1538.9260000007985	-95.82914989185726
1538.944000000799	-95.67556738250005
1538.9620000007994	-95.51782837618747
1538.9800000008	-95.35589266365878
1538.9980000008004	-95.18971841866284
1539.016000000801	-95.01926213488176
1539.0340000008014	-94.84447855899856
1539.0520000008019	-94.66532061963626
1539.0700000008023	-94.48173935187339
1539.0880000008028	-94.2936838170134
1539.1060000008033	-94.10110101725819
1539.1240000008038	-93.90393580490296
1539.1420000008043	-93.70213078563589
1539.1600000008048	-93.4956262154862
1539.1780000008055	-93.28435989092206
1539.196000000806	-93.06826703155212
1539.2140000008064	-92.84728015483154
1539.232000000807	-92.62132894211436
1539.2500000008074	-92.39034009532958
1539.268000000808	-92.15423718348362
1539.2860000008084	-91.91294047811235
1539.3040000008089	-91.66636677671261
1539.3220000008093	-91.41442921308192
1539.3400000008098	-91.15703705338008
1539.3580000008103	-90.89409547659578
1539.3760000008108	-90.6255053379582
1539.3940000008113	-90.35116291366509
1539.4120000008118	-90.07095962511697
1539.4300000008122	-89.78478174063218
1539.4480000008127	-89.49251005238084
1539.4660000008132	-89.19401952600072
1539.484000000814	-88.88917892004811
1539.5020000008144	-88.57785037208109
1539.520000000815	-88.25988894776414
1539.5380000008154	-87.93514214891603
1539.5560000008159	-87.60344937588364
1539.5740000008163	-87.2646413390028
1539.5920000008168	-86.91853941318746
1539.6100000008173	-86.56495492885428
1539.6280000008178	-86.20368839141788
1539.6460000008183	-85.83452862045996
1539.6640000008188	-85.4572517983481
1539.6820000008192	-85.071620416525
1539.7000000008197	-84.67738210585532
1539.7180000008202	-84.27426833525178
1539.7360000008207	-83.86199296023582
1539.7540000008212	-83.44025060003376
1539.7720000008217	-83.00871481816216
1539.7900000008221	-82.5670360770871
1539.8080000008229	-82.1148394322806
1539.8260000008233	-81.65172192464459
1539.8440000008238	-81.17724962256135
1539.8620000008243	-80.69095425543438
1539.8800000008248	-80.19232936908071
1539.8980000008253	-79.68082591918908
1539.9160000008258	-79.1558472015761
1539.9340000008262	-78.61674299626154
1539.9520000008267	-78.06280277528026
1539.9700000008272	-77.49324779014712
1539.9880000008277	-76.90722181200252
1540.0060000008282	-76.30378024309705
1540.0240000008287	-75.68187724897984
1540.0420000008291	-75.04035047202152
1540.0600000008296	-74.37790277273959
1540.0780000008301	-73.69308029794921
1540.0960000008306	-72.98424598379037
1540.1140000008313	-72.24954735407056
1540.1320000008318	-71.48687715389289
1540.1500000008323	-70.69382494650394
1540.1680000008328	-69.86761727947601
1540.1860000008332	-69.00504338569891
1540.2040000008337	-68.10236264803173
1540.2220000008342	-67.15518933423131
1540.2400000008347	-66.15834973358872
1540.2580000008352	-65.10570767931392
1540.2760000008357	-63.989958747008615
1540.2940000008361	-62.80240673643189
1540.3120000008366	-61.53277231527316
1540.3300000008371	-60.169178402412726
1540.3480000008376	-58.69870150808545
1540.366000000838	-57.10950911293695
1540.3840000008386	-55.397203156806455
1540.402000000839	-53.5817233284521
1540.4200000008395	-51.74728212912533
1540.4380000008402	-50.11180843340693
1540.4560000008407	-49.04793225861458
1540.4740000008412	-48.84196886225854
1540.4920000008417	-49.35994690611186
1540.5100000008422	-50.21568330354051
1540.5280000008427	-51.11903418147851
1540.5460000008432	-51.93880279676171
1540.5640000008436	-52.634113729044635
1540.5820000008441	-53.20118169062109
1540.6000000008446	-53.64872126238595
1540.618000000845	-53.98832181534931
1540.6360000008456	-54.23102403225151
1540.654000000846	-54.386277915058365
1540.6720000008465	-54.46177128304761
1540.690000000847	-54.463547498933195
1540.7080000008475	-54.396192710406844
1540.726000000848	-54.26301276203448
1540.7440000008487	-54.06617364640227
1540.7620000008492	-53.80679930356399
1540.7800000008497	-53.48502723984048
1540.7980000008502	-53.1000240420214
1540.8160000008506	-52.64996293217901
1540.8340000008511	-52.13196598469992
1540.8520000008516	-51.54201651520825
1540.870000000852	-50.87485610833405
1540.8880000008526	-50.12390394706779
1540.906000000853	-49.28129273913132
1540.9240000008535	-48.33825150889385
1540.942000000854	-47.286390648973196
1540.9600000008545	-46.121212380244884
1540.978000000855	-44.85088510844838
1540.9960000008555	-43.51644786144425
1541.014000000856	-42.23115351817309
1541.0320000008564	-41.2258906759991
1541.050000000857	-40.806334078392226
1541.0680000008576	-41.11948495985799
1541.0860000008581	-41.99072692571213
1541.1040000008586	-43.114885528147006
1541.122000000859	-44.27431296640162
1541.1400000008596	-45.36601678457381
1541.15800000086	-46.35444545913757
1541.1760000008605	-47.23419377266177
1541.194000000861	-48.0113301254669
1541.2120000008615	-48.695378277642114
1541.230000000862	-49.29614436680979
1541.2480000008625	-49.822584110656194
1541.266000000863	-50.28249649830373
1541.2840000008634	-50.68253610793515
1541.302000000864	-51.02833457224578
1541.3200000008644	-51.32464669576272
1541.338000000865	-51.57548905646976
1541.3560000008654	-51.78426067738238
1541.374000000866	-51.95384413948621
1541.3920000008666	-52.08668878313421
1541.410000000867	-52.184878609199
1541.4280000008675	-52.25018752612618
1541.446000000868	-52.28412428982301
1541.4640000008685	-52.28796910075701
1541.482000000869	-52.262803456129305
1541.5000000008695	-52.20953453822887
1541.51800000087	-52.12891515915779
1541.5360000008704	-52.02156007254352
1541.554000000871	-51.88795929685239
1541.5720000008714	-51.72848896460976
1541.590000000872	-51.5434201103008
1541.6080000008724	-51.33292573145526
1541.6260000008729	-51.09708639819929
1541.6440000008733	-50.835894643464314
1541.6620000008738	-50.54925833734758
1541.6800000008743	-50.23700323423302
1541.698000000875	-49.89887488093448
1541.7160000008755	-49.53454009047145
1541.734000000876	-49.14358822324557
1541.7520000008765	-48.7255325819814
1541.770000000877	-48.279812329079505
1541.7880000008774	-47.805795490364666
1541.806000000878	-47.302783840369926
1541.8240000008784	-46.770020804753784
1541.842000000879	-46.20670401400871
1541.8600000008794	-45.61200486978166
1541.8780000008799	-44.985098541013144
1541.8960000008803	-44.325209330080995
1541.9140000008808	-43.631678521270146
1541.9320000008813	-42.904064862722954
1541.9500000008818	-42.14229194455709
1541.9680000008823	-41.34686197173976
1541.9860000008828	-40.51916133278928
1542.0040000008835	-39.661888182440194
1542.022000000884	-38.77963139713128
1542.0400000008844	-37.87961371219234
1542.058000000885	-36.97256111409725
1542.0760000008854	-36.073548860440106
1542.094000000886	-35.20248131591351
1542.1120000008864	-34.38362202569148
1542.1300000008869	-33.64347490012377
1542.1480000008874	-33.006667554387896
1542.1660000008878	-32.4905522719244
1542.1840000008883	-32.10057740258108
1542.2020000008888	-31.828812036519523
1542.2200000008893	-31.656493981873787
1542.2380000008898	-31.559187681985605
1542.2560000008903	-31.512084025517005
1542.2740000008907	-31.493696518641208
1542.2920000008912	-31.487571986968227
1542.3100000008917	-31.482514264039505
1542.3280000008924	-31.472009128174136
1542.346000000893	-31.453359907122014
1542.3640000008934	-31.426802386880475
1542.3820000008939	-31.394695306210313
1542.4000000008944	-31.360793678844484
1542.4180000008948	-31.32958341086212
1542.4360000008953	-31.305662460946685
1542.4540000008958	-31.293177345596753
1542.4720000008963	-31.29534918966233
1542.4900000008968	-31.31413813532538
1542.5080000008973	-31.35009034748236
1542.5260000008977	-31.40238753606382
1542.5440000008982	-31.469083391513074
1542.5620000008987	-31.547478394893464
1542.5800000008992	-31.6345659096865
1542.5980000008997	-31.727482267462243
1542.6160000009002	-31.823907273018797
1542.6340000009009	-31.92238032794559
1542.6520000009014	-32.022513111997114
1542.6700000009018	-32.125088351309245
1542.6880000009023	-32.23203610521666
1542.7060000009028	-32.34627824887691
1542.7240000009033	-32.47143439555352
1542.7420000009038	-32.61139427376592
1542.7600000009043	-32.76978553616613
1542.7780000009047	-32.94939897367955
1542.7960000009052	-33.15166415299437
1542.8140000009057	-33.3762816888719
1542.8320000009062	-33.621101455583485
1542.8500000009067	-33.88229029045644
1542.8680000009072	-34.15477579916437
1542.8860000009076	-34.43291018274999
1542.9040000009081	-34.71128805584482
1542.9220000009086	-34.98567657181349
1542.940000000909	-35.25405969829782
1542.9580000009098	-35.51783479272872
1542.9760000009103	-35.78319202557497
1542.9940000009108	-36.062602166932834
1543.0120000009113	-36.37606598114347
1543.0300000009117	-36.75130774486289
1543.0480000009122	-37.221612991443905
1543.0660000009127	-37.8201645871743
1543.0840000009132	-38.571401827969346
1543.1020000009137	-39.4828135132004
1543.1200000009142	-40.54193563923305
1543.1380000009146	-41.72054160424441
1543.1560000009151	-42.983193259157495
1543.1740000009156	-44.295359016675526
1543.192000000916	-45.62824752089621
1543.2100000009166	-46.96030175175524
1543.228000000917	-48.27663851428874
1543.2460000009175	-49.56768159716806
1543.2640000009183	-50.82772776809087
1543.2820000009187	-52.05374961196428
1543.3000000009192	-53.24449797027155
1543.3180000009197	-54.399867765187125
1543.3360000009202	-55.520465530283985
1543.3540000009207	-56.607321155473905
1543.3720000009212	-57.66169891635778
1543.3900000009216	-58.68497538531636
1543.4080000009221	-59.67856181629326
1543.4260000009226	-60.64385585864633
1543.444000000923	-61.58221249209636
1543.4620000009236	-62.494927481044094
1543.480000000924	-63.38322891980888
1543.4980000009245	-64.2482739476864
1543.516000000925	-65.0911487096681
1543.5340000009255	-65.91287029785677
1543.552000000926	-66.71438984486758
1543.5700000009267	-67.49659622957134
1543.5880000009272	-68.2603200472738
1543.6060000009277	-69.0063376236277
1543.6240000009282	-69.73537493587399
1543.6420000009286	-70.44811136070734
1543.6600000009291	-71.14518320465021
1543.6780000009296	-71.82718699662519
1543.69600000093	-72.49468253766372
1543.7140000009306	-73.14819571221805
1543.732000000931	-73.78822107126103
1543.7500000009315	-74.4152242005506
1543.768000000932	-75.02964388897338
1543.7860000009325	-75.63189411234787
1543.804000000933	-76.22236584785851
1543.8220000009335	-76.80142873367512
1543.840000000934	-77.36943258745964
1543.8580000009345	-77.92670879649538
1543.876000000935	-78.473571591168
1543.8940000009356	-79.01031921252793
1543.9120000009361	-79.53723498370606
1543.9300000009366	-80.05458829404904
1543.948000000937	-80.56263550400168
1543.9660000009376	-81.06162077799158
1543.984000000938	-81.55177685186644
1544.0020000009386	-82.03332574079352
1544.020000000939	-82.50647939295378
1544.0380000009395	-82.9714402938395
1544.05600000094	-83.4284020254954
1544.0740000009405	-83.87754978462038
1544.092000000941	-84.31906086306887
1544.1100000009415	-84.75310509394937
1544.128000000942	-85.17984526621319
1544.1460000009424	-85.59943751035236
1544.164000000943	-86.01203165757926
1544.1820000009434	-86.41777157464088
1544.200000000944	-86.81679547622068
1544.2180000009446	-87.20923621670414
1544.236000000945	-87.59522156292289
1544.2540000009456	-87.97487444934802
1544.272000000946	-88.34831321707348
1544.2900000009465	-88.71565183781216
1544.308000000947	-89.07700012402238
1544.3260000009475	-89.43246392618612
1544.344000000948	-89.78214531817395
1544.3620000009485	-90.12614277155305
1544.380000000949	-90.46455131962402
1544.3980000009494	-90.79746271190766
1544.41600000095	-91.12496555974396
1544.4340000009504	-91.44714547361296
1544.4520000009509	-91.76408519273869
1544.4700000009514	-92.07586470749256
1544.4880000009518	-92.38256137507385
1544.5060000009523	-92.68425002890672
1544.524000000953	-92.981003082161
1544.5420000009535	-93.27289062577265
1544.560000000954	-93.55998052131186
1544.5780000009545	-93.84233848902171
1544.596000000955	-94.12002819132593
1544.6140000009555	-94.39311131208319
1544.632000000956	-94.6616476318462
1544.6500000009564	-94.92569509936371
1544.668000000957	-95.1853098995496
1544.6860000009574	-95.44054651812486
1544.7040000009579	-95.69145780312653
1544.7220000009584	-95.93809502346288
1544.7400000009588	-96.18050792468284
1544.7580000009593	-96.41874478211653
1544.7760000009598	-96.65285245153257
1544.7940000009603	-96.88287641744962
1544.8120000009608	-97.10886083922966
1544.8300000009615	-97.33084859507264
1544.848000000962	-97.54888132402476
1544.8660000009625	-97.76299946610537
1544.884000000963	-97.97324230065092
1544.9020000009634	-98.17964798296822
1544.920000000964	-98.38225357938407
1544.9380000009644	-98.58109510077236
1544.9560000009649	-98.77620753463526
1544.9740000009654	-98.96762487581069
1544.9920000009658	-99.15538015587347
1545.0100000009663	-99.33950547129407
1545.0280000009668	-99.52003201041491
1545.0460000009673	-99.6969900793006
1545.0640000009678	-99.87040912651594
1545.0820000009683	-100.04031776688116
1545.1000000009687	-100.20674380425248
1545.1180000009692	-100.36971425337254
1545.1360000009697	-100.52925536083272
1545.1540000009704	-100.68539262518786
1545.172000000971	-100.8381508162605
1545.1900000009714	-100.98755399367073
1545.2080000009719	-101.13362552462539
1545.2260000009724	-101.27638810099823
1545.2440000009728	-101.41586375573185
1545.2620000009733	-101.55207387858931
1545.2800000009738	-101.68503923128327
1545.2980000009743	-101.81477996200778
1545.3160000009748	-101.94131561939739
1545.3340000009753	-102.06466516593656
1545.3520000009757	-102.18484699084131
1545.3700000009762	-102.30187892243376
1545.3880000009767	-102.41577824002937
1545.4060000009772	-102.52656168535569
1545.4240000009777	-102.63424547352004
1545.4420000009782	-102.73884530354316
1545.4600000009789	-102.84037636847508
1545.4780000009794	-102.9388533651078
1545.4960000009798	-103.03429050329974
1545.5140000009803	-103.12670151492553
1545.5320000009808	-103.2160996624639
1545.5500000009813	-103.30249774723634
1545.5680000009818	-103.38590811730825
1545.5860000009823	-103.46634267506343
1545.6040000009828	-103.54381288446285
1545.6220000009832	-103.6183297779977
1545.6400000009837	-103.68990396334598
1545.6580000009842	-103.75854562974217
1545.6760000009847	-103.82426455406808
1545.6940000009852	-103.88707010667355
1545.7120000009857	-103.94697125693435
1545.7300000009861	-104.00397657855476
1545.7480000009866	-104.0580942546218
1545.766000000987	-104.10933208241798
1545.7840000009878	-104.157697477998
1545.8020000009883	-104.20319748053629
1545.8200000009888	-104.24583875645038
1545.8380000009893	-104.2856276033053
1545.8560000009898	-104.32256995350446
1545.8740000009902	-104.35667137777111
1545.8920000009907	-104.38793708842526
1545.9100000009912	-104.41637194245986
1545.9280000009917	-104.44198044442017
1545.9460000009922	-104.46476674909009
1545.9640000009927	-104.48473466398875
1545.9820000009931	-104.50188765168016
1546.0000000009936	-104.51622883189958
1546.018000000994	-104.52776098349833
1546.0360000009946	-104.53648654621036
1546.054000000995	-104.54240762224242
1546.0720000009956	-104.54552597768965
1546.0900000009963	-104.54584304377909
1546.1080000009968	-104.54335991794211
1546.1260000009972	-104.53807736471752
1546.1440000009977	-104.52999581648662
1546.1620000009982	-104.51911537404102
1546.1800000009987	-104.5054358069846
1546.1980000009992	-104.48895655396952
1546.2160000009997	-104.46967672276764
1546.2340000010001	-104.44759509017726
1546.2520000010006	-104.42271010176489
1546.270000001001	-104.39501987144311
1546.2880000010016	-104.36452218088328
1546.306000001002	-104.33121447876317
1546.3240000010026	-104.29509387984882
1546.342000001003	-104.25615716391005
1546.3600000010035	-104.21440077446834
1546.378000001004	-104.16982081737638
1546.3960000010045	-104.12241305922748
1546.4140000010052	-104.07217292559379
1546.4320000010057	-104.01909549909143
1546.4500000010062	-103.96317551727067
1546.4680000010067	-103.90440737032897
1546.4860000010071	-103.84278509864484
1546.5040000010076	-103.77830239012982
1546.522000001008	-103.71095257739611
1546.5400000010086	-103.64072863473635
1546.558000001009	-103.5676231749134
1546.5760000010096	-103.49162844575582
1546.59400000101	-103.41273632655606
1546.6120000010105	-103.33093832426698
1546.630000001011	-103.24622556949345
1546.6480000010115	-103.15858881227369
1546.666000001012	-103.06801841764656
1546.6840000010125	-102.97450436099956
1546.702000001013	-102.87803622319228
1546.7200000010137	-102.77860318545024
1546.7380000010141	-102.67619402402302
1546.7560000010146	-102.57079710460079
1546.774000001015	-102.4624003764827
1546.7920000010156	-102.3509913664906
1546.810000001016	-102.23655717262082
1546.8280000010166	-102.1190844574266
1546.846000001017	-101.99855944112336
1546.8640000010175	-101.87496789440848
1546.882000001018	-101.748295130987
1546.9000000010185	-101.618525999794
1546.918000001019	-101.48564487690422
1546.9360000010195	-101.34963565711865
1546.95400000102	-101.21048174521786
1546.9720000010204	-101.06816604687047
1546.990000001021	-100.9226709591857
1547.0080000010214	-100.77397836089702
1547.0260000010219	-100.62206960216474
1547.0440000010226	-100.46692549398374
1547.062000001023	-100.30852629718174
1547.0800000010236	-100.1468517109941
1547.098000001024	-99.98188086119853
1547.1160000010245	-99.81359228779402
1547.134000001025	-99.64196393220618
1547.1520000010255	-99.46697312400102
1547.170000001026	-99.28859656708812
1547.1880000010265	-99.1068103253931
1547.206000001027	-98.92158980797787
1547.2240000010274	-98.73290975358717
1547.242000001028	-98.54074421459742
1547.2600000010284	-98.34506654034348
1547.2780000010289	-98.1458493597973
1547.2960000010294	-97.94306456357155
1547.3140000010299	-97.73668328521913
1547.3320000010303	-97.52667588179816
1547.350000001031	-97.31301191367116
1547.3680000010315	-97.09566012350427
1547.386000001032	-96.8745884144309
1547.4040000010325	-96.64976382734307
1547.422000001033	-96.42115251727004
1547.4400000010335	-96.1887197288033
1547.458000001034	-95.9524297705232
1547.4760000010344	-95.71224598838094
1547.494000001035	-95.46813073798687
1547.5120000010354	-95.22004535575242
1547.530000001036	-94.96795012883113
1547.5480000010364	-94.71180426380003
1547.5660000010369	-94.45156585401982
1547.5840000010373	-94.18719184560807
1547.6020000010378	-93.91863800195637
1547.6200000010383	-93.6458588667174
1547.6380000010388	-93.36880772518401
1547.6560000010393	-93.08743656397729
1547.67400000104	-92.80169602895526
1547.6920000010405	-92.51153538124875
1547.710000001041	-92.21690245132461
1547.7280000010414	-91.91774359097018
1547.746000001042	-91.61400362308625
1547.7640000010424	-91.3056257891678
1547.782000001043	-90.99255169434488
1547.8000000010434	-90.67472124984604
1547.8180000010439	-90.35207261273874
1547.8360000010443	-90.02454212279062
1547.8540000010448	-89.69206423628492
1547.8720000010453	-89.35457145661134
1547.8900000010458	-89.01199426144196
1547.9080000010463	-88.66426102628739
1547.9260000010468	-88.31129794421418
1547.9440000010472	-87.9530289414881
1547.9620000010477	-87.58937558889141
1547.9800000010484	-87.22025700844249
1547.998000001049	-86.84558977522667
1548.0160000010494	-86.46528781402418
1548.03400000105	-86.07926229039799
1548.0520000010504	-85.6874214958766
1548.0700000010509	-85.28967072683932
1548.0880000010513	-84.88591215667988
1548.1060000010518	-84.47604470078943
1548.1240000010523	-84.05996387386296
1548.1420000010528	-83.63756163899194
1548.1600000010533	-83.2087262479607
1548.1780000010538	-82.77334207211464
1548.1960000010542	-82.33128942311338
1548.2140000010547	-81.88244436282298
1548.2320000010552	-81.42667850153394
1548.2500000010557	-80.96385878361929
1548.2680000010562	-80.4938472596665
1548.286000001057	-80.0165008440269
1548.3040000010574	-79.53167105662789
1548.3220000010579	-79.03920374778288
1548.3400000010583	-78.53893880461145
1548.3580000010588	-78.03070983754674
1548.3760000010593	-77.51434384525444
1548.3940000010598	-76.98966085611885
1548.4120000010603	-76.45647354426116
1548.4300000010608	-75.91458681784326
1548.4480000010612	-75.36379737717036
1548.4660000010617	-74.8038932398386
1548.4840000010622	-74.2346532298701
1548.5020000010627	-73.6558464274364
1548.5200000010632	-73.06723157538508
1548.5380000010637	-72.4685564383452
1548.5560000010641	-71.85955710968989
1548.5740000010646	-71.23995726106655
1548.5920000010651	-70.60946732855874
1548.6100000010658	-69.96778362880247
1548.6280000010663	-69.31458739753131
1548.6460000010668	-68.64954374204801
1548.6640000010673	-67.9723004979953
1548.6820000010678	-67.28248697949844
1548.7000000010682	-66.57971261024414
1548.7180000010687	-65.86356542130942
1548.7360000010692	-65.1336103995111
1548.7540000010697	-64.38938766765818
1548.7720000010702	-63.63041047528771
1548.7900000010707	-62.85616297516622
1548.8080000010712	-62.06609775694339
1548.8260000010716	-61.25963310472757
1548.8440000010721	-60.43614993985928
1548.8620000010726	-59.59498840360082
1548.880000001073	-58.73544402659622
1548.8980000010736	-57.85676342249431
1548.9160000010743	-56.958139431691876
1548.9340000010748	-56.03870562727948
1548.9520000010752	-55.09753007836583
1548.9700000010757	-54.1336082452706
1548.9880000010762	-53.145854855659906
1549.0060000010767	-52.133094579348
1549.0240000010772	-51.09405128067232
1549.0420000010777	-50.02733557912915
1549.0600000010782	-48.93143038890046
1549.0780000010786	-47.8046740329821
1549.0960000010791	-46.64524043417225
1549.1140000010796	-45.451115768919664
1549.13200000108	-44.22007082638465
1549.1500000010806	-42.94962814001607
1549.168000001081	-41.63702275118886
1549.1860000010815	-40.27915523022764
1549.204000001082	-38.87253534393894
1549.2220000010825	-37.41321458641368
1549.2400000010832	-35.89670583871411
1549.2580000010837	-34.31788905173085
1549.2760000010842	-32.67090385781488
1549.2940000010847	-30.94903520514778
1549.3120000010852	-29.144610516413856
1549.3300000010856	-27.248955726205708
1549.3480000010861	-25.25252421033243
1549.3660000010866	-23.145467004660524
1549.384000001087	-20.91927057123584
1549.4020000010876	-18.570903432966574
1549.420000001088	-16.112633451340802
1549.4380000010885	-13.593419364237745
1549.456000001089	-11.137287439813493
1549.4740000010895	-8.978741559328105
1549.49200000109	-7.401001577123312
1549.5100000010905	-6.515102305887533
1549.528000001091	-6.147856303592036
1549.5460000010917	-6.031745044012955
1549.5640000010922	-5.987132442581128
1549.5820000010926	-5.938987719578143
1549.6000000010931	-5.872926112087006
1549.6180000010936	-5.799299946246991
1549.636000001094	-5.733120658579135
1549.6540000010946	-5.6843998696983356
1549.672000001095	-5.654973810558736
1549.6900000010955	-5.639442956854269
1549.708000001096	-5.628200837168881
1549.7260000010965	-5.610786899316539
1549.744000001097	-5.578458257189838
1549.7620000010975	-5.525637433606002
1549.780000001098	-5.450387302588729
1549.7980000010984	-5.354219601463731
1549.816000001099	-5.241495858490386
1549.8340000010994	-5.118581652846491
1549.8520000011	-4.992852855114127
1549.8700000011006	-4.871648548370671
1549.888000001101	-4.761300822887808
1549.9060000011016	-4.666404402897969
1549.924000001102	-4.5894750772183075
1549.9420000011025	-4.531066459551661
1549.960000001103	-4.490292958336814
1549.9780000011035	-4.465595457194727
1549.996000001104	-4.455530981603165
1550.0140000011045	-4.459380279642245
1550.032000001105	-4.477428228720436
1550.0500000011054	-4.510854183832565
1550.068000001106	-4.561256546013727
1550.0860000011064	-4.629921421383398
1550.104000001107	-4.717018578264786
1550.1220000011074	-4.820945515324013
1550.1400000011079	-4.9380162285305325
1550.1580000011083	-5.0626008803391205
1550.176000001109	-5.187698498593586
1550.1940000011095	-5.305821354210759
1550.21200000111	-5.410026509117516
1550.2300000011105	-5.494946568892426
1550.248000001111	-5.557711864663336
1550.2660000011115	-5.598673989646327
1550.284000001112	-5.6218044041694615
1550.3020000011124	-5.634553397165613
1550.320000001113	-5.646869347325282
1550.3380000011134	-5.669122104072787
1550.356000001114	-5.709009156711086
1550.3740000011144	-5.7681961327081686
1550.3920000011149	-5.8402052798559145
1550.4100000011153	-5.911505081744105
1550.4280000011158	-5.96793439417127
1550.4460000011163	-6.0095014641764335
1550.4640000011168	-6.078744152154018
1550.4820000011173	-6.304540803064578
1550.500000001118	-6.92672127364659
1550.5180000011185	-8.192361280827283
1550.536000001119	-10.123564389193007
1550.5540000011194	-12.482744809411184
1550.57200000112	-14.995406331387658
1550.5900000011204	-17.490194081646273
1550.608000001121	-19.890427526992056
1550.6260000011214	-22.171135012419278
1550.6440000011219	-24.33027875847683
1550.6620000011224	-26.3746842569264
1550.6800000011228	-28.313911154080795
1550.6980000011233	-30.157753673983162
1550.7160000011238	-31.915306971936786
1550.7340000011243	-33.594689799394935
1550.7520000011248	-35.20303198789561
1550.7700000011253	-36.74655968827918
1550.7880000011257	-38.23070807525457
1550.8060000011264	-39.66023309087833
1550.824000001127	-41.039311887468315
1550.8420000011274	-42.37162931733711
1550.860000001128	-43.6604509262383
1550.8780000011284	-44.908684010422924
1550.8960000011289	-46.118928540961754
1550.9140000011294	-47.29351965709566
1550.9320000011298	-48.434563210593225
1550.9500000011303	-49.54396560325659
1550.9680000011308	-50.62345893868646
1550.9860000011313	-51.674622319698706
1551.0040000011318	-52.69889996558746
1551.0220000011323	-53.69761669555998
1551.0400000011327	-54.67199122163673
1551.0580000011332	-55.62314761164677
1551.0760000011337	-56.55212521669604
1551.0940000011342	-57.45988730433959
1551.1120000011347	-58.34732859595935
1551.1300000011354	-59.21528187239173
1551.1480000011359	-60.06452378396176
1551.1660000011364	-60.89577997842408
1551.1840000011368	-61.70972964182746
1551.2020000011373	-62.507009532179154
1551.2200000011378	-63.28821757333002
1551.2380000011383	-64.05391606621366
1551.2560000011388	-64.80463456603934
1551.2740000011393	-65.54087246693294
1551.2920000011397	-66.26310132957896
1551.3100000011402	-66.97176698243204
1551.3280000011407	-67.66729142286616
1551.3460000011412	-68.35007454108019
1551.3640000011417	-69.02049568656761
1551.3820000011422	-69.67891509439417
1551.4000000011426	-70.32567518633931
1551.4180000011431	-70.96110176008213
1551.4360000011438	-71.58550507800204
1551.4540000011443	-72.19918086577566
1551.4720000011448	-72.80241122975268
1551.4900000011453	-73.39546550105318
1551.5080000011458	-73.97860101342667
1551.5260000011463	-74.55206382112537
1551.5440000011467	-75.11608936235852
1551.5620000011472	-75.67090307329215
1551.5800000011477	-76.21672095703221
1551.5980000011482	-76.75375011156406
1551.6160000011487	-77.28218922021397
1551.6340000011492	-77.80222900783562
1551.6520000011496	-78.3140526656072
1551.6700000011501	-78.81783624703948
1551.6880000011506	-79.31374903754558
1551.706000001151	-79.80195389969805
1551.7240000011516	-80.2826075960999
1551.742000001152	-80.75586109161779
1551.7600000011528	-81.22185983656635
1551.7780000011533	-81.6807440322894
1551.7960000011537	-82.13264888045586
1551.8140000011542	-82.57770481727313
1551.8320000011547	-83.01603773371603
1551.8500000011552	-83.44776918277708
1551.8680000011557	-83.87301657465828
1551.8860000011562	-84.2918933607492
1551.9040000011566	-84.704509207166
1551.9220000011571	-85.1109701585643
1551.9400000011576	-85.51137879288123
1551.958000001158	-85.90583436761067
1551.9760000011586	-86.2944329581684
1551.994000001159	-86.67726758886113
1552.0120000011595	-87.05442835693438
1552.03000000116	-87.42600255013812
1552.0480000011605	-87.79207475821684
1552.0660000011612	-88.15272697870073
1552.0840000011617	-88.50803871734699
1552.1020000011622	-88.85808708355584
1552.1200000011627	-89.20294688106196
1552.1380000011632	-89.54269069418162
1552.1560000011636	-89.87738896987601
1552.1740000011641	-90.20711009587319
1552.1920000011646	-90.53192047507495
1552.210000001165	-90.85188459645927
1552.2280000011656	-91.16706510267521
1552.246000001166	-91.47752285451433
1552.2640000011666	-91.78331699242986
1552.282000001167	-92.08450499526487
1552.3000000011675	-92.38114273633956
1552.318000001168	-92.67328453703857
1552.3360000011685	-92.96098321803036
1552.354000001169	-93.24429014824233
1552.3720000011695	-93.52325529170801
1552.3900000011702	-93.79792725239533
1552.4080000011706	-94.0683533171183
1552.4260000011711	-94.33457949662846
1552.4440000011716	-94.59665056497715
1552.462000001172	-94.85461009723281
1552.4800000011726	-95.10850050563468
1552.498000001173	-95.35836307425791
1552.5160000011736	-95.6042379922615
1552.534000001174	-95.84616438578627
1552.5520000011745	-96.08418034856624
1552.570000001175	-96.31832297131346
1552.5880000011755	-96.54862836993263
1552.606000001176	-96.77513171261892
1552.6240000011765	-96.9978672458897
1552.642000001177	-97.21686831959771
1552.6600000011774	-97.43216741097098
1552.678000001178	-97.64379614772209
1552.6960000011786	-97.85178533026757
1552.714000001179	-98.05616495309542
1552.7320000011796	-98.25696422531728
1552.75000000118	-98.45421159043978
1552.7680000011806	-98.64793474538759
1552.786000001181	-98.83816065880913
1552.8040000011815	-99.0249155886945
1552.822000001182	-99.20822509933345
1552.8400000011825	-99.38811407763987
1552.858000001183	-99.56460674886806
1552.8760000011835	-99.73772669174451
1552.894000001184	-99.90749685303827
1552.9120000011844	-100.07393956159109
1552.930000001185	-100.23707654182815
1552.9480000011854	-100.3969289267689
1552.9660000011859	-100.5535172705564
1552.9840000011864	-100.70686156052318
1553.0020000011868	-100.85698122880996
1553.0200000011876	-101.00389516355379
1553.038000001188	-101.14762171966038
1553.0560000011885	-101.2881787291755
1553.074000001189	-101.42558351126883
1553.0920000011895	-101.55985288184402
1553.11000000119	-101.69100316278674
1553.1280000011905	-101.81905019086344
1553.146000001191	-101.94400932628133
1553.1640000011914	-102.06589546092118
1553.182000001192	-102.18472302625273
1553.2000000011924	-102.30050600094252
1553.2180000011929	-102.41325791816391
1553.2360000011934	-102.52299187261747
1553.2540000011938	-102.62972052727086
1553.2720000011943	-102.73345611982579
1553.2900000011948	-102.83421046891979
1553.3080000011953	-102.93199498007014
1553.326000001196	-103.0268206513669
1553.3440000011965	-103.11869807892128
1553.362000001197	-103.2076374620759
1553.3800000011975	-103.2936486083827
1553.398000001198	-103.37674093835409
1553.4160000011984	-103.45692348999245
1553.434000001199	-103.53420492310336
1553.4520000011994	-103.60859352339693
1553.4700000011999	-103.68009720638186
1553.4880000012004	-103.74872352105632
1553.5060000012008	-103.81447965339966
1553.5240000012013	-103.87737242966875
1553.5420000012018	-103.93740831950204
1553.5600000012023	-103.99459343883518
1553.5780000012028	-104.04893355263047
1553.5960000012033	-104.10043407742376
1553.6140000012037	-104.1491000836905
1553.6320000012045	-104.1949362980342
1553.650000001205	-104.23794710519869
1553.6680000012054	-104.27813654990666
1553.686000001206	-104.31550833852623
1553.7040000012064	-104.35006584056664
1553.7220000012069	-104.38181209000518
1553.7400000012074	-104.41074978644605
1553.7580000012078	-104.43688129611226
1553.7760000012083	-104.4602086526717
1553.7940000012088	-104.48073355789757
1553.8120000012093	-104.49845738216405
1553.8300000012098	-104.51338116477731
1553.8480000012103	-104.5255056141421
1553.8660000012108	-104.53483110776345
1553.8840000012112	-104.541357692084
1553.9020000012117	-104.54508508215588
1553.9200000012122	-104.54601266114653
1553.9380000012127	-104.5441394796783
1553.9560000012134	-104.53946425500001
1553.9740000012139	-104.5319853699901
1553.9920000012144	-104.52170087198917
1554.0100000012148	-104.50860847146129
1554.0280000012153	-104.49270554048138
1554.0460000012158	-104.47398911104762
1554.0640000012163	-104.45245587321595
1554.0820000012168	-104.42810217305478
1554.1000000012173	-104.4009240104171
1554.1180000012178	-104.37091703652739
1554.1360000012182	-104.33807655137996
1554.1540000012187	-104.30239750094593
1554.1720000012192	-104.26387447418485
1554.1900000012197	-104.22250169985756
1554.2080000012202	-104.17827304313616
1554.2260000012207	-104.13118200200671
1554.2440000012211	-104.08122170346044
1554.2620000012218	-104.02838489946816
1554.2800000012223	-103.97266396273324
1554.2980000012228	-103.91405088221724
1554.3160000012233	-103.85253725843297
1554.3340000012238	-103.78811429849834
1554.3520000012243	-103.720772810945
1554.3700000012248	-103.65050320027473
1554.3880000012252	-103.5772954612566
1554.4060000012257	-103.50113917295704
1554.4240000012262	-103.42202349249526
1554.4420000012267	-103.3399371485151
1554.4600000012272	-103.25486843436508
1554.4780000012277	-103.16680520097654
1554.4960000012281	-103.07573484943089
1554.5140000012286	-102.98164432320488
1554.532000001229	-102.88452010008344
1554.5500000012296	-102.78434818372844
1554.56800000123	-102.68111409489131
1554.5860000012308	-102.57480286225683
1554.6040000012313	-102.46539901290458
1554.6220000012318	-102.35288656237424
1554.6400000012322	-102.23724900431954
1554.6580000012327	-102.11846929973538
1554.6760000012332	-101.99652986574185
1554.6940000012337	-101.87141256390731
1554.7120000012342	-101.74309868809297
1554.7300000012347	-101.61156895179894
1554.7480000012351	-101.47680347499218
1554.7660000012356	-101.33878177039429
1554.784000001236	-101.19748272920738
1554.8020000012366	-101.0528846062534
1554.820000001237	-100.90496500450242
1554.8380000012376	-100.75370085896321
1554.856000001238	-100.59906841990816
1554.8740000012385	-100.44104323540303
1554.8920000012392	-100.2796001331103
1554.9100000012397	-100.1147132013335
1554.9280000012402	-99.94635576926709
1554.9460000012407	-99.77450038641571
1554.9640000012412	-99.59911880114363
1554.9820000012417	-99.42018193831287
