1510.0000000000002	-65.92924388852293
1510.0180018001802	-65.76468085538976
1510.0360036003601	-65.59608741177624
1510.05400540054	-65.4234215577014
1510.0720072007202	-65.24663964237327
1510.0900090009002	-65.06569629401676
1510.1080108010804	-64.88054434518975
1510.1260126012603	-64.69113475331562
1510.1440144014402	-64.49741651599369
1510.1620162016204	-64.29933658073766
1510.1800180018004	-64.09683974867488
1510.1980198019803	-63.88986857169794
1510.2160216021603	-63.67836324259094
1510.2340234023404	-63.46226147747129
1510.2520252025204	-63.241498389978055
1510.2700270027005	-63.016006356416284
1510.2880288028805	-62.785714871154276
1510.3060306030604	-62.55055039132449
1510.3240324032406	-62.310436169937226
1510.3420342034206	-62.06529207631569
1510.3600360036005	-61.81503440264653
1510.3780378037804	-61.55957565540395
1510.3960396039606	-61.29882433010009
1510.4140414041406	-61.03268466782798
1510.4320432043205	-60.76105639168601
1510.4500450045007	-60.483834421126225
1510.4680468046806	-60.2009085619153
1510.4860486048608	-59.912163169113356
1510.5040504050405	-59.61747678027077
1510.5220522052207	-59.316721715485876
1510.5400540054006	-59.00976364076292
1510.5580558055806	-58.69646109039544
1510.5760576057608	-58.376664943746746
1510.5940594059407	-58.05021785101446
1510.6120612061209	-57.716953601816726
1510.6300630063008	-57.37669642968777
1510.648064806481	-57.02926024433596
1510.6660666066607	-56.67444778256255
1510.6840684068407	-56.312049667083855
1510.7020702070208	-55.94184336107066
1510.7200720072008	-55.56359200412093
1510.738073807381	-55.177043113059554
1510.756075607561	-54.78192712835729
1510.774077407741	-54.37795578342299
1510.792079207921	-53.96482027036042
1510.8100810081012	-53.54218917074701
1510.828082808281	-53.10970611455768
1510.8460846084608	-52.666987123105294
1510.864086408641	-52.213617583665325
1510.882088208821	-51.74914879291872
1510.9000900090011	-51.27309399356895
1510.918091809181	-50.78492381292189
1510.9360936093613	-50.28406099230406
1510.9540954095412	-49.76987427206494
1510.9720972097211	-49.241671265797784
1510.990099009901	-48.69869011887505
1511.008100810081	-48.14008969681562
1511.0261026102612	-47.56493798585558
1511.0441044104412	-46.97219830711987
1511.0621062106213	-46.36071284033357
1511.0801080108013	-45.72918281663243
1511.0981098109812	-45.07614456048026
1511.1161116111614	-44.399940325387
1511.1341134113413	-43.698682556423634
1511.1521152115213	-42.970209799962966
1511.1701170117012	-42.21203193518491
1511.1881188118814	-41.42126168227752
1511.2061206120613	-40.59452840955862
1511.2241224122413	-39.7278690884588
1511.2421242124215	-38.816589874052056
1511.2601260126014	-37.85509045757676
1511.2781278127816	-36.83664283469596
1511.2961296129613	-35.75311870171705
1511.3141314131415	-34.59467142856515
1511.3321332133214	-33.34941591300894
1511.3501350135016	-32.003257411092434
1511.3681368136815	-30.540322852752322
1511.3861386138615	-28.945292407753286
1511.4041404140416	-27.21125644466481
1511.4221422142216	-25.36266073793363
1511.4401440144018	-23.513437494099
1511.4581458145815	-21.967523829569426
1511.4761476147617	-21.20630516536562
1511.4941494149416	-21.45810873897885
1511.5121512151215	-22.386867037004137
1511.5301530153017	-23.52972216140241
1511.5481548154817	-24.633140253400043
1511.5661566156618	-25.610646031037735
1511.5841584158418	-26.44795091932427
1511.6021602160217	-27.15482559994083
1511.6201620162017	-27.746863745615432
1511.6381638163816	-28.239395656543355
1511.6561656165618	-28.645775642065374
1511.6741674167417	-28.977153662289616
1511.692169216922	-29.242702901918154
1511.7101710171019	-29.449946356894134
1511.728172817282	-29.605065873524794
1511.746174617462	-29.71316248019584
1511.764176417642	-29.77846605987796
1511.7821782178219	-29.804501203576386
1511.8001800180018	-29.79421763416903
1511.818181818182	-29.750092781315693
1511.836183618362	-29.674212707247676
1511.854185418542	-29.568336244842012
1511.872187218722	-29.43394608959401
1511.8901890189022	-29.27228970409984
1511.9081908190822	-29.08441221606173
1511.9261926192619	-28.871182976740783
1511.944194419442	-28.633317058562547
1511.962196219622	-28.371392677018648
1511.9801980198022	-28.08586529950023
1511.9981998199821	-27.77707903443645
1512.0162016201623	-27.445275764425546
1512.0342034203422	-27.090602387865278
1512.0522052205222	-26.71311645699368
1512.0702070207024	-26.312790442041685
1512.088208820882	-25.88951480706587
1512.1062106210622	-25.443100051190626
1512.1242124212422	-24.973277848393725
1512.1422142214224	-24.479701408982816
1512.1602160216023	-23.96194518882499
1512.1782178217823	-23.419504089742166
1512.1962196219624	-22.85179233254205
1512.2142214221424	-22.258142249673124
1512.2322232223223	-21.637803350639743
1512.2502250225023	-20.989942179275687
1512.2682268226824	-20.313643736260207
1512.2862286228624	-19.607915629166953
1512.3042304230426	-18.871696702665094
1512.3222322232225	-18.10387279948165
1512.3402340234024	-17.30330366429626
1512.3582358235826	-16.46886706558645
1512.3762376237626	-15.599529316227873
1512.3942394239425	-14.694456000335993
1512.4122412241225	-13.753183463487925
1512.4302430243026	-12.77588109164795
1512.4482448244826	-11.763746719314918
1512.4662466246625	-10.719591039513745
1512.4842484248427	-9.648675214559024
1512.5022502250226	-8.55985158105146
1512.5202520252028	-7.466982150212516
1512.5382538253828	-6.390407503109151
1512.5562556255627	-5.357841061214245
1512.5742574257426	-4.403523302655234
1512.5922592259226	-3.5642195942457304
1512.6102610261028	-2.8715920747886097
1512.6282628262827	-2.3431095291135655
1512.6462646264629	-1.9762344828953162
1512.6642664266428	-1.74971055650256
1512.682268226823	-1.6310828748554294
1512.700270027003	-1.5857971885379052
1512.7182718271827	-1.5837591517946086
1512.7362736273628	-1.6021937793309853
1512.7542754275428	-1.6257723311355046
1512.772277227723	-1.645415505341112
1512.790279027903	-1.6567537114394586
1512.808280828083	-1.658710177638233
1512.826282628263	-1.6523470114881065
1512.8442844284432	-1.6399680498558435
1512.8622862286231	-1.6244300895323662
1512.8802880288029	-1.6086175374890888
1512.898289828983	-1.595052423771774
1512.916291629163	-1.5856269410960053
1512.9342934293431	-1.5814533240032769
1512.952295229523	-1.582825243540575
1512.9702970297033	-1.5892784171141126
1512.9882988298832	-1.5997298298570581
1513.0063006300632	-1.6126687204485584
1513.024302430243	-1.6263706481196558
1513.042304230423	-1.6391087649045013
1513.0603060306032	-1.6493424042316054
1513.0783078307832	-1.6558700933009416
1513.0963096309633	-1.6579402030825297
1513.1143114311433	-1.6553166012863565
1513.1323132313232	-1.6482987337324997
1513.1503150315034	-1.63769611489506
1513.1683168316833	-1.624757264890315
1513.1863186318633	-1.6110538172793807
1513.2043204320432	-1.5983228117874824
1513.2223222322234	-1.588274594455249
1513.2403240324034	-1.5823800347184878
1513.2583258325835	-1.5816577571735486
1513.2763276327635	-1.5864878043654467
1513.2943294329434	-1.5964804529685828
1513.3123312331236	-1.6104264915149502
1513.3303330333035	-1.6263486166772707
1513.3483348334835	-1.641665297723014
1513.3663366336634	-1.6534724824626168
1513.3843384338436	-1.6589487866958983
1513.4023402340235	-1.6558984753753099
1513.4203420342035	-1.643462405053549
1513.4383438343837	-1.6230434389913495
1513.4563456345636	-1.5994929852267985
1513.4743474347438	-1.582554298338898
1513.4923492349237	-1.5883944280894913
1513.5103510351037	-1.6407060730194702
1513.5283528352836	-1.7703327004198697
1513.5463546354636	-2.01199486329335
1513.5643564356437	-2.3973083460388325
1513.5823582358237	-2.9456091072015966
1513.6003600360038	-3.656967926448721
1513.6183618361838	-4.511809326047968
1513.636363636364	-5.477378207915724
1513.6543654365437	-6.516873664513112
1513.6723672367236	-7.596695449555381
1513.6903690369038	-8.690010944841935
1513.7083708370837	-9.77731753409955
1513.726372637264	-10.845429427279267
1513.7443744374439	-11.885991739666697
1513.762376237624	-12.894088686965997
1513.780378037804	-13.867139966974097
1513.7983798379842	-14.804096548245521
1513.8163816381639	-15.704882074374906
1513.8343834383438	-16.57001597889575
1513.852385238524	-17.400363970782248
1513.870387038704	-18.19697513985472
1513.888388838884	-18.960976939370987
1513.906390639064	-19.693508424633755
1513.9243924392442	-20.39567858979256
1513.9423942394242	-21.068541060558154
1513.9603960396041	-21.713079360661126
1513.978397839784	-22.330198932815797
1513.996399639964	-22.920723391433178
1514.0144014401442	-23.485393338246354
1514.0324032403241	-24.0248666338584
1514.0504050405043	-24.53971938810352
1514.0684068406842	-25.030447173778704
1514.0864086408642	-25.49746612605147
1514.1044104410444	-25.941113689987848
1514.1224122412243	-26.36164884071874
1514.1404140414043	-26.759251635736057
1514.1584158415842	-27.13402197433309
1514.1764176417644	-27.485977440487606
1514.1944194419443	-27.81505009412451
1514.2124212421243	-28.121082053915224
1514.2304230423044	-28.403819681339144
1514.2484248424844	-28.662906130303206
1514.2664266426646	-28.89787196625761
1514.2844284428445	-29.108123479822776
1514.3024302430244	-29.292928217561354
1514.3204320432044	-29.45139711865885
1514.3384338433846	-29.58246247152289
1514.3564356435645	-29.68485067426398
1514.3744374437445	-29.7570484797342
1514.3924392439246	-29.797261004188368
1514.4104410441046	-29.803359247332388
1514.4284428442847	-29.77281417156268
1514.4464446444645	-29.702613478248256
1514.4644464446446	-29.589156070412415
1514.4824482448246	-29.428117833544572
1514.5004500450045	-29.214281007701782
1514.5184518451847	-28.9413187667436
1514.5364536453646	-28.601528681085995
1514.5544554455448	-28.18551901719436
1514.5724572457248	-27.681885147466257
1514.590459045905	-27.077010044651175
1514.6084608460847	-26.35539449414049
1514.6264626462646	-25.501681274795125
1514.6444644464448	-24.507634897758418
1514.6624662466247	-23.392768051650666
1514.680468046805	-22.257660999505777
1514.6984698469848	-21.382484308255968
1514.716471647165	-21.2426630384746
1514.734473447345	-22.12003305798347
1514.752475247525	-23.72589324947656
1514.7704770477048	-25.586306321824523
1514.7884788478848	-27.424677698219586
1514.806480648065	-29.142485617648234
1514.824482448245	-30.721138918248542
1514.842484248425	-32.16931750868614
1514.860486048605	-33.50265606215451
1514.8784878487852	-34.7368811504833
1514.8964896489651	-35.88582827630074
1514.914491449145	-36.961125566974495
1514.932493249325	-37.972397584138314
1514.950495049505	-38.927589964844024
1514.9684968496852	-39.833283192852385
1514.986498649865	-40.69495902823549
1515.0045004500453	-41.51721590949233
1515.0225022502252	-42.30393972550071
1515.0405040504052	-43.058438349399744
1515.0585058505853	-43.78354764899974
1515.076507650765	-44.481715327463135
1515.0945094509452	-45.15506759320309
1515.1125112511252	-45.805462513364844
1515.1305130513053	-46.434532999881874
1515.1485148514853	-47.0437216802459
1515.1665166516652	-47.63430937729797
1515.1845184518454	-48.20743852297349
1515.2025202520254	-48.76413252995093
1515.2205220522055	-49.30531191707692
1515.2385238523852	-49.83180781078842
1515.2565256525654	-50.344373312594435
1515.2745274527454	-50.8436931203888
1515.2925292529255	-51.33039171298414
1515.3105310531055	-51.80504034557788
1515.3285328532854	-52.26816305625118
1515.3465346534656	-52.720241845505114
1515.3645364536455	-53.16172116110907
1515.3825382538257	-53.59301179670319
1515.4005400540054	-54.01449429331021
1515.4185418541856	-54.426521917841264
1515.4365436543656	-54.829423279903594
1515.4545454545455	-55.22350463842005
1515.4725472547257	-55.60905194101301
1515.4905490549056	-55.986332632492264
1515.5085508550858	-56.35559726317191
1515.5265526552657	-56.71708092294899
1515.5445544554457	-57.07100452346652
1515.5625562556256	-57.41757594718539
1515.5805580558056	-57.75699107976167
1515.5985598559857	-58.08943473961634
1515.6165616561657	-58.415081516819015
1515.6345634563459	-58.734096531774426
1515.6525652565258	-59.0466361226911
1515.670567056706	-59.35284846984716
1515.688568856886	-59.65287416342853
1515.7065706570659	-59.946846721084185
1515.7245724572458	-60.23489306039768
1515.7425742574258	-60.51713393096537
1515.760576057606	-60.79368431021106
1515.7785778577859	-61.06465376647574
1515.796579657966	-61.33014679268922
1515.814581458146	-61.590263113361175
1515.8325832583262	-61.845097967521234
1515.850585058506	-62.09474236975669
1515.8685868586858	-62.33928335144999
1515.886588658866	-62.57880418393437
1515.904590459046	-62.81338458520519
1515.9225922592261	-63.04310091165381
1515.940594059406	-63.26802633604981
1515.9585958595862	-63.48823101302106
1515.9765976597662	-63.70378223299555
1515.9945994599461	-63.9147445656344
1516.0126012601263	-64.12117999354781
1516.030603060306	-64.32314803709605
1516.0486048604862	-64.52070587100246
1516.0666066606661	-64.7139084333565
1516.0846084608463	-64.90280852766135
1516.1026102610263	-65.08745691837933
1516.1206120612062	-65.26790242052734
1516.1386138613864	-65.44419198370593
1516.1566156615663	-65.61637077098554
1516.1746174617463	-65.78448223303772
1516.1926192619262	-65.94856817779528
1516.2106210621064	-66.10866883601325
1516.2286228622863	-66.26482292294854
1516.2466246624665	-66.41706769648121
1516.2646264626464	-66.56543901185461
1516.2826282628264	-66.70997137331167
1516.3006300630066	-66.85069798278417
1516.3186318631865	-66.98765078583995
1516.3366336633665	-67.12086051507659
1516.3546354635464	-67.25035673107872
1516.3726372637266	-67.37616786113696
1516.3906390639065	-67.49832123581251
1516.4086408640865	-67.61684312352259
1516.4266426642666	-67.73175876322338
1516.4446444644466	-67.84309239531596
1516.4626462646268	-67.95086729088642
1516.4806480648067	-68.05510577934099
1516.4986498649866	-68.15582927456254
1516.5166516651666	-68.25305829962738
1516.5346534653465	-68.34681251019609
1516.5526552655267	-68.4371107166159
1516.5706570657067	-68.52397090481303
1516.5886588658868	-68.60741025604318
1516.6066606660668	-68.68744516553119
1516.624662466247	-68.76409126008214
1516.642664266427	-68.83736341468115
1516.6606660666066	-68.90727576815596
1516.6786678667868	-68.97384173792055
1516.6966696669667	-69.03707403384868
1516.714671467147	-69.09698467132006
1516.7326732673268	-69.15358498345383
1516.750675067507	-69.2068856325834
1516.768676867687	-69.25689662097845
1516.7866786678671	-69.30362730086281
1516.8046804680469	-69.34708638373193
1516.8226822682268	-69.38728194901196
1516.840684068407	-69.42422145206648
1516.858685868587	-69.45791173157671
1516.876687668767	-69.48835901631678
1516.894689468947	-69.5155689313292
1516.9126912691272	-69.53954650352837
1516.9306930693072	-69.56029616673307
1516.948694869487	-69.57782176615095
1516.966696669667	-69.59212656231702
1516.984698469847	-69.60321323450019
1517.0027002700272	-69.61108388358639
1517.020702070207	-69.61574003444207
1517.0387038703873	-69.61718263776771
1517.0567056705672	-69.61541207144361
1517.0747074707472	-69.61042814137306
1517.0927092709273	-69.60223008182494
1517.1107110711073	-69.59081655527831
1517.1287128712872	-69.57618565176746
1517.1467146714672	-69.5583348877306
1517.1647164716474	-69.53726120435553
1517.1827182718273	-69.51296096542617
1517.2007200720072	-69.485429954659
1517.2187218721874	-69.45466337253124
1517.2367236723674	-69.42065583259233
1517.2547254725475	-69.38340135724845
1517.2727272727275	-69.34289337302056
1517.2907290729074	-69.29912470525535
1517.3087308730874	-69.25208757229184
1517.3267326732675	-69.20177357905723
1517.3447344734475	-69.14817371009576
1517.3627362736274	-69.09127832199835
1517.3807380738076	-69.03107713523306
1517.3987398739876	-68.96755922535286
1517.4167416741677	-68.90071301355506
1517.4347434743477	-68.83052625659028
1517.4527452745276	-68.75698603597576
1517.4707470747076	-68.6800787465147
1517.4887488748875	-68.59979008407072
1517.5067506750677	-68.51610503259111
1517.5247524752476	-68.42900785034124
1517.5427542754278	-68.33848205530818
1517.5607560756077	-68.24451040976419
1517.578757875788	-68.1470749039224
1517.5967596759676	-68.04615673867846
1517.6147614761476	-67.94173630736306
1517.6327632763278	-67.83379317648715
1517.6507650765077	-67.72230606542179
1517.6687668766879	-67.6072528249465
1517.6867686768678	-67.48861041464322
1517.704770477048	-67.36635487903497
1517.722772277228	-67.24046132244891
1517.740774077408	-67.11090388249039
1517.7587758775878	-66.97765570209963
1517.7767776777678	-66.8406889000668
1517.794779477948	-66.69997453995721
1517.8127812781279	-66.55548259734095
1517.830783078308	-66.40718192521166
1517.848784878488	-66.25504021752928
1517.8667866786682	-66.09902397072142
1517.8847884788481	-65.93909844307518
1517.902790279028	-65.77522761183249
1517.920792079208	-65.60737412789047
1517.938793879388	-65.43549926793585
1517.9567956795681	-65.25956288382542
1517.974797479748	-65.07952334908235
1517.9927992799282	-64.89533750225112
1518.0108010801082	-64.70696058696453
1518.0288028802881	-64.5143461884291
1518.0468046804683	-64.31744616613285
1518.0648064806483	-64.1162105824843
1518.0828082808282	-63.910587627065325
1518.1008100810081	-63.70052353623457
1518.1188118811883	-63.485962507660844
1518.1368136813683	-63.2668466094825
1518.1548154815482	-63.04311568359894
1518.1728172817284	-62.81470724270445
1518.1908190819083	-62.581556360539395
1518.2088208820885	-62.343595554786816
1518.2268226822682	-62.10075466208135
1518.2448244824484	-61.85296070438737
1518.2628262826283	-61.600137746109745
1518.2808280828085	-61.34220674104668
1518.2988298829885	-61.079085368395845
1518.3168316831684	-60.810687856743264
1518.3348334833486	-60.53692479503326
1518.3528352835285	-60.25770292928812
1518.3708370837087	-59.97292494371589
1518.3888388838884	-59.682489224803675
1518.4068406840686	-59.38628960664553
1518.4248424842485	-59.08421509576602
1518.4428442844285	-58.77614957327282
1518.4608460846086	-58.46197147211002
1518.4788478847886	-58.141553426783084
1518.4968496849688	-57.81476189259233
1518.5148514851487	-57.4814567311727
1518.5328532853289	-57.141490758496175
1518.5508550855086	-56.79470925123637
1518.5688568856885	-56.440949406581744
1518.5868586858687	-56.080039750136315
1518.6048604860487	-55.7117994856424
1518.6228622862288	-55.33603777935342
1518.6408640864088	-54.95255297098612
1518.658865886589	-54.56113170170745
1518.676867686769	-54.16154794843875
1518.6948694869488	-53.753561951761775
1518.7128712871288	-53.33691902297234
1518.7308730873087	-52.91134821312638
1518.748874887489	-52.47656082430379
1518.7668766876689	-52.03224873969908
1518.784878487849	-51.578082544985115
1518.802880288029	-51.11370940854841
1518.8208820882091	-50.638750681801675
1518.838883888389	-50.152799173650216
1518.856885688569	-49.655416043708
1518.874887488749	-49.14612724787176
1518.892889288929	-48.624419455674406
1518.910891089109	-48.089735341344515
1518.928892889289	-47.541468128765096
1518.9468946894692	-46.97895524241769
1518.9648964896492	-46.40147088144202
1518.982898289829	-45.80821728818212
1519.0009000900093	-45.19831442429839
1519.018901890189	-44.57078769078592
1519.0369036903692	-43.924553227533885
1519.0549054905491	-43.25840019448986
1519.0729072907293	-42.57096925636808
1519.0909090909092	-41.86072624930418
1519.1089108910892	-41.12592967199754
1519.1269126912694	-40.36459017744755
1519.1449144914493	-39.5744195819239
1519.1629162916295	-38.75276596283342
1519.1809180918092	-37.89653004019057
1519.1989198919894	-37.002055991851705
1519.2169216921693	-36.06498675893295
1519.2349234923495	-35.080069109716156
1519.2529252925294	-34.04088614425176
1519.2709270927094	-32.939482576161716
1519.2889288928895	-31.7658274476955
1519.3069306930695	-30.507023162481964
1519.3249324932494	-29.146105671136176
1519.3429342934294	-27.660161737382527
1519.3609360936096	-26.017260732601798
1519.3789378937895	-24.171249653271275
1519.3969396939694	-22.05260414173244
1519.4149414941496	-19.55232645679493
1519.4329432943296	-16.498954516062913
1519.4509450945097	-12.6951706393872
1519.4689468946897	-8.804281875991952
1519.4869486948696	-8.956390101174783
1519.5049504950496	-12.10568303669766
1519.5229522952295	-14.783292945170999
1519.5409540954097	-16.742908925530855
1519.5589558955896	-18.193148382645358
1519.5769576957698	-19.288942946665983
1519.5949594959498	-20.127842798739476
1519.61296129613	-20.772391050034308
1519.6309630963099	-21.26433901252352
1519.6489648964896	-21.63267081633179
1519.6669666966698	-21.898201211778897
1519.6849684968497	-22.076312268846895
1519.7029702970299	-22.17864967084299
1519.7209720972098	-22.21421496313446
1519.73897389739	-22.190093940830135
1519.75697569757	-22.11195856176063
1519.7749774977501	-21.98442400163442
1519.79297929793	-21.811311141337303
1519.8109810981098	-21.595846610051012
1519.82898289829	-21.340821676668558
1519.84698469847	-21.04872466759677
1519.86498649865	-20.721857454935524
1519.88298829883	-20.362443886911315
1519.9009900990102	-19.97273617318472
1519.9189918991901	-19.555123718232966
1519.93699369937	-19.112247298532875
1519.9549954995503	-18.647119371265013
1519.97299729973	-18.163248200866683
1519.9909990999101	-17.664758897616853
1520.00900090009	-17.156498014777036
1520.0270027002703	-16.644100152218805
1520.0450045004502	-16.13398621285294
1520.0630063006301	-15.633256446955127
1520.0810081008103	-15.14944224756582
1520.0990099009903	-14.690095216537822
1520.1170117011702	-14.262224950008962
1520.1350135013502	-13.87164584098106
1520.1530153015303	-13.522343696343368
1520.1710171017103	-13.216000731543412
1520.1890189018902	-12.951800139266682
1520.2070207020704	-12.726565841748283
1520.2250225022503	-12.53520337342387
1520.2430243024305	-12.371333323824183
1520.2610261026105	-12.22797903426499
1520.2790279027904	-12.098188704774493
1520.2970297029703	-11.975519455255121
1520.3150315031505	-11.854361779320497
1520.3330333033305	-11.730119959297438
1520.3510351035104	-11.599282322396629
1520.3690369036906	-11.459418124978049
1520.3870387038705	-11.30913164522051
1520.4050405040507	-11.147994218776827
1520.4230423042306	-10.976464889432997
1520.4410441044106	-10.79580171004424
1520.4590459045905	-10.607959151730203
1520.4770477047705	-10.415462881641794
1520.4950495049507	-10.221251772973389
1520.5130513051306	-10.02847901058869
1520.5310531053108	-9.840270049828687
1520.5490549054907	-9.659444810908557
1520.567056705671	-9.488223380771904
1520.5850585058508	-9.327945595642378
1520.6030603060306	-9.178841117314636
1520.6210621062107	-9.039884486508775
1520.6390639063907	-8.908758207913639
1520.6570657065708	-8.781929045951252
1520.6750675067508	-8.654824345015353
1520.693069306931	-8.52208298015527
1520.711071107111	-8.377854150250055
1520.729072907291	-8.216128093402265
1520.7470747074708	-8.031105078829198
1520.7650765076507	-7.817641799109795
1520.783078307831	-7.571858613135724
1520.8010801080109	-7.292049958631489
1520.819081908191	-6.980113199731033
1520.837083708371	-6.643775433199645
1520.8550855085512	-6.299858358795628
1520.873087308731	-5.978413209497732
1520.891089108911	-5.7262778421459775
1520.909090909091	-5.606146196415823
1520.927092709271	-5.685330422678679
1520.945094509451	-6.012673715537856
1520.963096309631	-6.595336380775346
1520.9810981098112	-7.394761902256405
1520.9990999099912	-8.345658148249033
1521.0171017101711	-9.381036353821901
1521.0351035103513	-10.447425892135255
1521.0531053105312	-11.508362657048608
1521.0711071107112	-12.541628039659884
1521.0891089108911	-13.534998555124275
1521.1071107110713	-14.482617177059625
1521.1251125112512	-15.382440278672437
1521.1431143114312	-16.23459763477049
1521.1611161116114	-17.040389069665892
1521.1791179117913	-17.801688596366937
1521.1971197119715	-18.520598609996885
1521.2151215121514	-19.19925417389152
1521.2331233123314	-19.839716242169306
1521.2511251125113	-20.443917057982762
1521.2691269126915	-21.01363581121636
1521.2871287128714	-21.55049154122887
1521.3051305130514	-22.055945582123666
1521.3231323132316	-22.531309015404183
1521.3411341134115	-22.977752487986027
1521.3591359135917	-23.39631688786696
1521.3771377137714	-23.78792405177886
1521.3951395139516	-24.15338709184972
1521.4131413141315	-24.493420179853707
1521.4311431143115	-24.80864778534665
1521.4491449144916	-25.09961346735067
1521.4671467146716	-25.366788394803944
1521.4851485148517	-25.61057983501156
1521.5031503150317	-25.831339913775558
1521.5211521152119	-26.029375025487255
1521.5391539153916	-26.204956363814205
1521.5571557155715	-26.358332162614854
1521.5751575157517	-26.48974239025644
1521.5931593159316	-26.599436838193427
1521.6111611161118	-26.68769779503508
1521.6291629162918	-26.754868807398488
1521.647164716472	-26.801391399777668
1521.6651665166519	-26.827852044863793
1521.683168316832	-26.83504210425877
1521.7011701170118	-26.824033807990695
1521.7191719171917	-26.796275434177215
1521.737173717372	-26.753708371405285
1521.7551755175518	-26.698907170737574
1521.773177317732	-26.6352402232284
1521.791179117912	-26.567042260668682
1521.8091809180921	-26.499779323123235
1521.827182718272	-26.440171565249475
1521.845184518452	-26.396220558030198
1521.863186318632	-26.377070801476734
1521.881188118812	-26.392631089767878
1521.899189918992	-26.452906297027404
1521.917191719172	-26.56705766893247
1521.9351935193522	-26.742315240986724
1521.9531953195321	-26.98297207879984
1521.971197119712	-27.289732732269574
1521.9891989198923	-27.65961758076191
1522.0072007200722	-28.08645427601707
1522.0252025202522	-28.561800646830907
1522.043204320432	-29.076035828196996
1522.0612061206123	-29.619366386274418
1522.0792079207922	-30.18258756876074
1522.0972097209722	-30.75755126637331
1522.1152115211523	-31.337373681066296
1522.1332133213323	-31.91645312644091
1522.1512151215125	-32.49037163290036
1522.1692169216922	-33.055739660426234
1522.1872187218723	-33.6100242540381
1522.2052205220523	-34.151384337650946
1522.2232223222325	-34.678524806889115
1522.2412241224124	-35.19057345784689
1522.2592259225923	-35.68698050711766
1522.2772277227725	-36.16743838493217
1522.2952295229525	-36.63181872854511
1522.3132313231326	-37.080123460243456
1522.3312331233124	-37.51244712918484
1522.3492349234925	-37.92894811601379
1522.3672367236725	-38.329826730968996
1522.3852385238524	-38.71530862933314
1522.4032403240326	-39.085632302277354
1522.4212421242125	-39.4410396752722
1522.4392439243927	-39.78176906505355
1522.4572457245727	-40.108049917948314
1522.4752475247526	-40.420098886211164
1522.4932493249325	-40.71811690178761
1522.5112511251125	-41.002286986156655
1522.5292529252927	-41.27277259501967
1522.5472547254726	-41.529716342648925
1522.5652565256528	-41.77323898552366
1522.5832583258327	-42.003438571101256
1522.601260126013	-42.22038967752297
1522.6192619261928	-42.424142684630375
1522.6372637263728	-42.614723027722235
1522.6552655265527	-42.7921303931995
1522.6732673267327	-42.95633782085826
1522.6912691269129	-43.107290681251875
1522.7092709270928	-43.244905498683295
1522.727272727273	-43.369068591551155
1522.745274527453	-43.479634501802266
1522.763276327633	-43.576424184811195
1522.781278127813	-43.659222929915
1522.7992799279928	-43.727777980728604
1522.817281728173	-43.78179582325566
1522.8352835283529	-43.820939109458614
1522.853285328533	-43.8448231849041
1522.871287128713	-43.853012192518634
1522.8892889288932	-43.8450147320973
1522.907290729073	-43.820279069519174
1522.925292529253	-43.77818791473715
1522.9432943294332	-43.71805282970523
1522.961296129613	-43.63910839622578
1522.9792979297931	-43.5405063843709
1522.997299729973	-43.42131033854426
1523.0153015301532	-43.280491277795015
1523.0333033303332	-43.11692564928229
1523.0513051305131	-42.92939737289838
1523.0693069306933	-42.716606921398636
1523.0873087308732	-42.477192132252995
1523.1053105310534	-42.20976822199576
1523.1233123312331	-41.91299885862243
1523.1413141314133	-41.58571703102001
1523.1593159315933	-41.22712510418427
1523.1773177317732	-40.83711944573132
1523.1953195319534	-40.41680766328484
1523.2133213321333	-39.96931472532226
1523.2313231323135	-39.50099861899579
1523.2493249324934	-39.02318484772961
1523.2673267326734	-38.554401570564416
1523.2853285328533	-38.12269959684957
1523.3033303330335	-37.76680501904427
1523.3213321332134	-37.533747327094716
1523.3393339333934	-37.47046936986134
1523.3573357335736	-37.60997107409799
1523.3753375337535	-37.95853642675499
1523.3933393339337	-38.493046002111974
1523.4113411341136	-39.17052601401174
1523.4293429342936	-39.942674333813194
1523.4473447344735	-40.76686946942228
1523.4653465346535	-41.61078352240448
1523.4833483348336	-42.45233504783801
1523.5013501350136	-43.27763236542488
1523.5193519351938	-44.07861709494256
1523.5373537353737	-44.851108309878484
1523.5553555355539	-45.59338453433165
1523.5733573357338	-46.3052254429983
1523.5913591359135	-46.98728982215219
1523.6093609360937	-47.64072199476117
1523.6273627362737	-48.2669075443395
1523.6453645364538	-48.86732451605559
1523.6633663366338	-49.44345489790333
1523.681368136814	-49.99673382491782
1523.699369936994	-50.528522198701715
1523.717371737174	-51.040093694797896
1523.735373537354	-51.53263047774756
1523.7533753375337	-52.00722405900195
1523.771377137714	-52.46487906772991
1523.7893789378938	-52.906518548360395
1523.807380738074	-53.332989932114174
1523.825382538254	-53.745071166979784
1523.8433843384341	-54.143476703957646
1523.861386138614	-54.52886317112541
1523.879387938794	-54.9018346510831
1523.897389738974	-55.26294752860651
1523.915391539154	-55.612714906568016
1523.933393339334	-55.951610606175784
1523.951395139514	-56.2800727772092
1523.9693969396942	-56.59850714875812
1523.9873987398742	-56.90728995214486
1524.005400540054	-57.20677054748631
1524.0234023402343	-57.49727378358039
1524.0414041404142	-57.77910211882089
1524.0594059405942	-58.05253752847761
1524.077407740774	-58.31784322116194
1524.0954095409543	-58.57526518516616
1524.1134113411342	-58.825033582970995
1524.1314131413142	-59.06736401041204
1524.1494149414943	-59.30245863499391
1524.1674167416743	-59.53050722631091
1524.1854185418545	-59.751688090059275
1524.2034203420344	-59.96616891572821
1524.2214221422144	-60.17410754705417
1524.2394239423943	-60.37565268313279
1524.2574257425745	-60.57094451734618
1524.2754275427544	-60.760115320308955
1524.2934293429344	-60.94328997248708
1524.3114311431145	-61.12058645139287
1524.3294329432945	-61.29211627779722
1524.3474347434747	-61.45798492491573
1524.3654365436546	-61.61829219402876
1524.3834383438345	-61.77313255973459
1524.4014401440145	-61.922595487579315
1524.4194419441944	-62.066765726634365
1524.4374437443746	-62.205723579225996
1524.4554455445545	-62.339545149859994
1524.4734473447347	-62.46830257517124
1524.4914491449147	-62.592064236495126
1524.5094509450948	-62.7108949565806
1524.5274527452748	-62.82485618172576
1524.5454545454545	-62.934006150580466
1524.5634563456347	-63.038400050663896
1524.5814581458146	-63.13809016359457
1524.5994599459948	-63.23312599993151
1524.6174617461747	-63.32355442440361
1524.635463546355	-63.40941977229519
1524.6534653465349	-63.490763957615584
1524.671467146715	-63.56762657369289
1524.6894689468947	-63.640044986708155
1524.7074707470747	-63.70805442270208
1524.7254725472549	-63.77168804848658
1524.7434743474348	-63.830977046888464
1524.761476147615	-63.88595068671165
1524.779477947795	-63.936636387746226
1524.797479747975	-63.98305978116356
1524.815481548155	-64.02524476556594
1524.833483348335	-64.06321355897342
1524.851485148515	-64.09698674697553
1524.8694869486949	-64.12658332727491
1524.887488748875	-64.15202075082739
1524.905490549055	-64.17331495975264
1524.9234923492352	-64.19048042219482
1524.9414941494151	-64.20353016427526
1524.959495949595	-64.2124757992847
1524.9774977497752	-64.21732755423514
1524.9954995499552	-64.21809429388837
1525.0135013501351	-64.21478354236407
1525.031503150315	-64.20740150241942
1525.0495049504952	-64.19595307248312
1525.0675067506752	-64.18044186151907
1525.0855085508551	-64.16087020178263
1525.1035103510353	-64.1372391595284
1525.1215121512153	-64.1095485437187
1525.1395139513954	-64.07779691277108
1525.1575157515754	-64.04198157938636
1525.1755175517553	-64.00209861347439
1525.1935193519353	-63.95814284321159
1525.2115211521154	-63.910107854229075
1525.2295229522954	-63.857985986955455
1525.2475247524753	-63.801768332099385
1525.2655265526555	-63.741444724279546
1525.2835283528354	-63.677003733786314
1525.3015301530156	-63.6084326564493
1525.3195319531953	-63.53571750160378
1525.3375337533755	-63.45884297810202
1525.3555355535555	-63.377792478356525
1525.3735373537354	-63.29254806034433
1525.3915391539156	-63.2030904275408
1525.4095409540955	-63.109398906715924
1525.4275427542757	-63.01145142351277
1525.4455445544556	-62.90922447575803
1525.4635463546358	-62.80269310438693
1525.4815481548155	-62.69183086192204
1525.4995499549955	-62.57660977836618
1525.5175517551756	-62.457000324423
1525.5355535553556	-62.332971371907355
1525.5535553555358	-62.2044901511915
1525.5715571557157	-62.071522205569295
1525.5895589558959	-61.9340313423269
1525.6075607560758	-61.79197958038641
1525.6255625562558	-61.64532709427309
1525.6435643564357	-61.494032154230034
1525.6615661566157	-61.33805106222643
1525.6795679567958	-61.17733808358169
1525.6975697569758	-61.01184537396668
1525.715571557156	-60.8415229014168
1525.733573357336	-60.66631836307775
1525.751575157516	-60.48617709625277
1525.769576957696	-60.30104198341056
1525.787578757876	-60.110853350647
1525.805580558056	-59.91554885916622
1525.8235823582359	-59.71506338923022
1525.841584158416	-59.50932891596551
1525.859585958596	-59.29827437644284
1525.8775877587761	-59.08182552724968
1525.895589558956	-58.859904791851044
1525.913591359136	-58.6324310968028
1525.9315931593162	-58.39931969592864
1525.949594959496	-58.16048198138452
1525.967596759676	-57.915825280416186
1525.985598559856	-57.66525263658701
1526.0036003600362	-57.40866257394891
1526.0216021602162	-57.1459488426498
1526.039603960396	-56.8770001441012
1526.0576057605763	-56.60169983378458
1526.0756075607562	-56.31992559943634
1526.0936093609364	-56.03154911207491
1526.1116111611161	-55.73643564713621
1526.1296129612963	-55.43444367244798
1526.1476147614762	-55.12542439957674
1526.1656165616562	-54.80922129439356
1526.1836183618364	-54.485669542364484
1526.2016201620163	-54.154595463320604
1526.2196219621965	-53.815815869733285
1526.2376237623764	-53.46913736181076
1526.2556255625566	-53.114355551533265
1526.2736273627363	-52.751254206834005
1526.2916291629165	-52.37960430552627
1526.3096309630964	-51.99916298724204
1526.3276327632764	-51.609672389495636
1526.3456345634565	-51.21085835198428
1526.3636363636365	-50.80242897042307
1526.3816381638167	-50.38407297800629
1526.3996399639966	-49.9554579289224
1526.4176417641766	-49.516228153457575
1526.4356435643565	-49.066002448914716
1526.4536453645364	-48.604371463439364
1526.4716471647166	-48.13089472176554
1526.4896489648966	-47.64509723143632
1526.5076507650767	-47.146465595324386
1526.5256525652567	-46.634443540651574
1526.5436543654369	-46.10842675456378
1526.5616561656168	-45.56775689172409
1526.5796579657967	-45.01171458732169
1526.5976597659767	-44.43951126876155
1526.6156615661566	-43.850279506945014
1526.6336633663368	-43.24306158037096
1526.6516651665168	-42.61679583688035
1526.669666966697	-41.97030032034852
1526.6876687668769	-41.30225297368031
1526.705670567057	-40.61116751805886
1526.723672367237	-39.895363821048875
1526.7416741674167	-39.15293116815948
1526.7596759675969	-38.38168229665561
1526.7776777677768	-37.57909526065961
1526.795679567957	-36.74223905876662
1526.813681368137	-35.86767728858631
1526.831683168317	-34.95134160499999
1526.849684968497	-33.98836297619272
1526.867686768677	-32.972842853082426
1526.8856885688572	-31.897537026539307
1526.903690369037	-30.75340973484924
1526.921692169217	-29.528990180129107
1526.939693969397	-28.209420112413174
1526.9576957695772	-26.775005025752566
1526.9756975697571	-25.198947045571654
1526.993699369937	-23.44370664082808
1527.0117011701172	-21.455107977629577
1527.0297029702972	-19.15329711210599
1527.0477047704771	-16.423854620362203
1527.065706570657	-13.151656621320845
1527.0837083708373	-9.633374967397927
1527.1017101710172	-8.179600965122141
1527.1197119711971	-10.158895773200767
1527.1377137713773	-12.68276617722757
1527.1557155715573	-14.688684352170746
1527.1737173717374	-16.201483547344452
1527.1917191719174	-17.347825316217754
1527.2097209720973	-18.223671686472226
1527.2277227722773	-18.89423025583152
1527.2457245724574	-19.40413287211698
1527.2637263726374	-19.78483944468961
1527.2817281728173	-20.05927626663537
1527.2997299729975	-20.24471755087651
1527.3177317731775	-20.35461926756685
1527.3357335733576	-20.399825902657746
1527.3537353735376	-20.38939355076586
1527.3717371737175	-20.331171279323385
1527.3897389738975	-20.232224299560187
1527.4077407740774	-20.099147684397778
1527.4257425742576	-19.938297528604082
1527.4437443744375	-19.75595192836259
1527.4617461746177	-19.558404242936913
1527.4797479747976	-19.35198488114623
1527.4977497749778	-19.143005616894307
1527.5157515751578	-18.937623100848462
1527.5337533753375	-18.741626554257763
1527.5517551755177	-18.560168115644057
1527.5697569756976	-18.397470202245948
1527.5877587758778	-18.25655732723598
1527.6057605760577	-18.1390638234312
1527.623762376238	-18.045159543039063
1527.6417641764178	-17.97361347348493
1527.659765976598	-17.9219867257301
1527.677767776778	-17.886921035640995
1527.6957695769577	-17.864474749198816
1527.7137713771378	-17.850458030562102
1527.7317731773178	-17.84072993085251
1527.749774977498	-17.831436063348477
1527.767776777678	-17.819181155954084
1527.785778577858	-17.80114210012665
1527.803780378038	-17.775133232633422
1527.821782178218	-17.73963717474763
1527.839783978398	-17.69381303066457
1527.8577857785779	-17.63749049259594
1527.875787578758	-17.5711544206885
1527.893789378938	-17.495920377442793
1527.9117911791182	-17.413497770771944
1527.929792979298	-17.326134021662337
1527.947794779478	-17.23653096875738
1527.9657965796582	-17.147724212215707
1527.9837983798382	-17.062918093678196
1528.001800180018	-16.985274199292338
1528.019801980198	-16.917659738206147
1528.0378037803782	-16.862372789187315
1528.0558055805582	-16.82087164136674
1528.0738073807381	-16.79354162373276
1528.0918091809183	-16.779531501855644
1528.1098109810982	-16.776681335935436
1528.1278127812784	-16.781546534182503
1528.1458145814584	-16.78950351752747
1528.1638163816383	-16.794906646627382
1528.1818181818182	-16.791257868336636
1528.1998199819984	-16.771350659852164
1528.2178217821784	-16.7273559632911
1528.2358235823583	-16.65082607204466
1528.2538253825385	-16.532599267044162
1528.2718271827184	-16.362591249591418
1528.2898289828986	-16.12945893870325
1528.3078307830785	-15.820120821266151
1528.3258325832585	-15.419125230223385
1528.3438343834384	-14.90790266444786
1528.3618361836184	-14.264111781077437
1528.3798379837986	-13.461887576972948
1528.3978397839785	-12.475810701868486
1528.4158415841587	-11.298041019503383
1528.4338433843386	-9.997520839846777
1528.4518451845188	-8.87779270509665
1528.4698469846985	-8.626809282540393
1528.4878487848785	-9.748416819532967
1528.5058505850586	-11.77389069628499
1528.5238523852386	-14.002748926288566
1528.5418541854187	-16.11539847674369
1528.5598559855987	-18.03640352846007
1528.5778577857789	-19.771520255730955
1528.5958595859588	-21.34533654163894
1528.613861386139	-22.783050316447344
1528.6318631863187	-24.106151324485758
1528.6498649864986	-25.33204933650786
1528.6678667866788	-26.47467274827195
1528.6858685868588	-27.54518531982777
1528.703870387039	-28.552603103368494
1528.7218721872189	-29.504279115378335
1528.739873987399	-30.406272545841265
1528.757875787579	-31.263627713230537
1528.775877587759	-32.080585185164914
1528.793879387939	-32.86074256904688
1528.8118811881188	-33.60717800704224
1528.829882988299	-34.322545913086856
1528.847884788479	-35.00915190203027
1528.8658865886591	-35.66901198851246
1528.883888388839	-36.303899786025724
1528.901890189019	-36.91538446844567
1528.9198919891992	-37.50486155591668
1528.9378937893791	-38.073578078125195
1528.955895589559	-38.622653294793466
1528.973897389739	-39.15309587720234
1528.9918991899192	-39.66581824939194
1529.0099009900991	-40.16164863281554
1529.027902790279	-40.641341221592896
1529.0459045904593	-41.105584825780134
1529.0639063906392	-41.55501025149952
1529.0819081908194	-41.99019663342375
1529.099909990999	-42.41167689327373
1529.1179117911793	-42.81994246554219
1529.1359135913592	-43.215447405416185
1529.1539153915392	-43.59861197355191
1529.1719171917193	-43.96982577555421
1529.1899189918993	-44.32945052086802
1529.2079207920794	-44.6778224549891
1529.2259225922594	-45.01525450997188
1529.2439243924396	-45.34203821125989
1529.2619261926193	-45.658445372687744
1529.2799279927995	-45.96472960687761
1529.2979297929794	-46.261127673949375
1529.3159315931593	-46.547860688317925
1529.3339333933395	-46.825135200320325
1529.3519351935195	-47.09314416716167
1529.3699369936996	-47.35206782565772
1529.3879387938796	-47.60207447743941
1529.4059405940598	-47.84332119601699
1529.4239423942395	-48.07595446367266
1529.4419441944194	-48.3001107452801
1529.4599459945996	-48.51591700507708
1529.4779477947795	-48.72349117173353
1529.4959495949597	-48.922942556369584
1529.5139513951397	-49.114372227499665
1529.5319531953198	-49.29787334649564
1529.5499549954998	-49.47353146655884
1529.5679567956797	-49.64142479793189
1529.5859585958597	-49.80162444159788
1529.6039603960396	-49.9541945934765
1529.6219621962198	-50.09919272083288
1529.6399639963997	-50.23666971229229
1529.65796579658	-50.36667000272107
1529.6759675967598	-50.48923167390449
1529.69396939694	-50.604386531858275
1529.71197119712	-50.71216016132371
1529.7299729973	-50.812571957907636
1529.7479747974799	-50.905635138082104
1529.7659765976598	-50.991356727143184
1529.78397839784	-51.06973752506234
1529.80198019802	-51.140772049970266
1529.8199819982	-51.20444845891502
1529.83798379838	-51.26074844531579
1529.85598559856	-51.30964711243355
1529.8739873987402	-51.35111282196978
1529.8919891989199	-51.38510701677106
1529.9099909991	-51.41158401644261
1529.92799279928	-51.430490784488015
1529.9459945994602	-51.44176666544177
1529.96399639964	-51.445343090262924
1529.98199819982	-51.441143248099564
1530.0000000000002	-51.42908172235076
1530.0180018001802	-51.40906408879982
1530.0360036003603	-51.38098647343979
1530.05400540054	-51.344735067505205
1530.0720072007202	-51.300185597138054
1530.0900090009002	-51.247202745124824
1530.1080108010801	-51.18563952220348
1530.1260126012603	-51.11533658568098
1530.1440144014402	-51.036121503495046
1530.1620162016204	-50.94780796251328
1530.1800180018004	-50.85019492092936
1530.1980198019803	-50.743065706100275
1530.2160216021603	-50.62618706145556
1530.2340234023404	-50.499308149219566
1530.2520252025204	-50.36215952024293
1530.2700270027003	-50.21445206842667
1530.2880288028805	-50.05587599602571
1530.3060306030604	-49.88609982816382
1530.3240324032406	-49.704769531617345
1530.3420342034206	-49.511507816113
1530.3600360036005	-49.30591372819926
1530.3780378037804	-49.08756269197553
1530.3960396039604	-48.85600721174627
1530.4140414041406	-48.61077853601656
1530.4320432043205	-48.35138969865193
1530.4500450045007	-48.077340514128835
1530.4680468046806	-47.78812532663005
1530.4860486048608	-47.4832446198821
1530.5040504050407	-47.16222201735108
1530.5220522052205	-46.824628779420024
1530.5400540054006	-46.470118684613354
1530.5580558055806	-46.098477218552674
1530.5760576057608	-45.70969033381139
1530.5940594059407	-45.30403969493733
1530.6120612061209	-44.88223318971894
1530.6300630063008	-44.44558123899142
1530.648064806481	-43.99623025780258
1530.666066606661	-43.537462808762434
1530.6840684068407	-43.07406637989047
1530.7020702070208	-42.61275416774716
1530.7200720072008	-42.16258491936522
1530.738073807381	-41.73526928398276
1530.756075607561	-41.34517185709515
1530.774077407741	-41.00875194090377
1530.792079207921	-40.743203435045444
1530.810081008101	-40.564249547074915
1530.8280828082811	-40.483449704131395
1530.8460846084608	-40.505818452851614
1530.864086408641	-40.62868652372017
1530.882088208821	-40.84230806127486
1530.9000900090011	-41.13194091036007
1530.918091809181	-41.480543438167565
1530.936093609361	-41.871195433073076
1530.9540954095412	-42.28873580923904
1530.9720972097211	-42.7205538110735
1530.990099009901	-43.156734725346354
1531.008100810081	-43.589825099478006
1531.0261026102612	-44.01443301416687
1531.0441044104412	-44.42679943076334
1531.062106210621	-44.82440977223981
1531.0801080108013	-45.205671575467306
1531.0981098109812	-45.569660659130804
1531.1161116111614	-45.915927842279245
1531.1341134113413	-46.24435503288644
1531.1521152115213	-46.555049735563365
1531.1701170117012	-46.848268604576546
1531.1881188118814	-47.12436255142905
1531.2061206120613	-47.383737653241376
1531.2241224122413	-47.62682754843745
1531.2421242124215	-47.85407413430321
1531.2601260126014	-48.06591423651196
1531.2781278127816	-48.26277055637889
1531.2961296129615	-48.445045668108804
1531.3141314131415	-48.613118178336485
1531.3321332133214	-48.76734040662532
1531.3501350135014	-48.90803712409791
1531.3681368136815	-49.035505016180466
1531.3861386138615	-49.150012628684976
1531.4041404140416	-49.25180062378325
1531.4221422142216	-49.34108222106942
1531.4401440144018	-49.41804373420196
1531.4581458145817	-49.48284513900774
1531.4761476147614	-49.535620627428194
1531.4941494149416	-49.57647911495661
1531.5121512151215	-49.60550467890148
1531.5301530153017	-49.62275691180818
1531.5481548154817	-49.628271179498356
1531.5661566156618	-49.62205877705479
1531.5841584158418	-49.60410697907481
1531.602160216022	-49.57437898306705
1531.6201620162017	-49.53281374726523
1531.6381638163816	-49.479325726686554
1531.6561656165618	-49.41380451432479
1531.6741674167417	-49.33611439827373
1531.692169216922	-49.24609385079738
1531.7101710171019	-49.14355497253767
1531.728172817282	-49.028282924834805
1531.746174617462	-48.900035396785825
1531.764176417642	-48.75854217237847
1531.7821782178219	-48.60350488907568
1531.8001800180018	-48.43459711508609
1531.818181818182	-48.251464922182535
1531.836183618362	-48.05372819965594
1531.854185418542	-47.84098304986617
1531.872187218722	-47.6128057374283
1531.890189018902	-47.368758845773314
1531.9081908190822	-47.108400546250444
1531.926192619262	-46.83129823127561
1531.944194419442	-46.53704823838983
1531.962196219622	-46.22530403948511
1531.9801980198022	-45.89581613946157
1531.9981998199821	-45.54848807479874
1532.016201620162	-45.183454361273505
1532.0342034203422	-44.801187992381735
1532.0522052205222	-44.4026469713122
1532.0702070207024	-43.98947089337307
1532.0882088208823	-43.56423869245022
1532.1062106210622	-43.1307951454395
1532.1242124212422	-42.69464272868526
1532.1422142214224	-42.26337103361021
1532.1602160216023	-41.84705125428476
1532.1782178217823	-41.45845511398403
1532.1962196219624	-41.11287825934486
1532.2142214221424	-40.827302768098775
1532.2322232223225	-40.6187072912276
1532.2502250225025	-40.501610736048036
1532.2682268226824	-40.48538483543628
1532.2862286228624	-40.572240940764004
1532.3042304230423	-40.75672697353895
1532.3222322232225	-41.02696121862544
1532.3402340234024	-41.367059272870264
1532.3582358235826	-41.75981683221128
1532.3762376237626	-42.18886994180656
1532.3942394239427	-42.64000319147529
1532.4122412241225	-43.10166799197476
1532.4302430243024	-43.56495566069788
1532.4482448244826	-44.02327978576831
1532.4662466246625	-44.47195388283917
1532.4842484248427	-44.907772689928024
1532.5022502250226	-45.328647263382024
1532.5202520252028	-45.733308963911924
1532.5382538253828	-46.12107970196956
1532.5562556255627	-46.49169867189013
1532.5742574257426	-46.84519421945233
1532.5922592259226	-47.181790400273506
1532.6102610261028	-47.50183956072115
1532.6282628262827	-47.80577413312798
1532.6462646264629	-48.09407247090241
1532.6642664266428	-48.367234869520736
1532.682268226823	-48.62576693962894
1532.700270027003	-48.8701682649424
1532.718271827183	-49.10092484457691
1532.7362736273628	-49.31850423391241
1532.7542754275428	-49.52335259970962
1532.772277227723	-49.71589312366186
1532.790279027903	-49.89652534652001
1532.808280828083	-50.06562515931893
1532.826282628263	-50.22354523069971
1532.844284428443	-50.370615719220524
1532.8622862286231	-50.50714516268411
1532.880288028803	-50.63342146790319
1532.898289828983	-50.74971294699345
1532.916291629163	-50.85626936264579
1532.9342934293431	-50.95332295677576
1532.952295229523	-51.04108944541618
1532.970297029703	-51.11976896894498
1532.9882988298832	-51.189546991064475
1533.0063006300632	-51.25059514310213
1533.0243024302433	-51.303072012375836
1533.042304230423	-51.34712387483979
1533.0603060306032	-51.38288537327963
1533.0783078307832	-51.410480142929735
1533.096309630963	-51.43002138681864
1533.1143114311433	-51.44161240332623
1533.1323132313232	-51.445347068535234
1533.1503150315034	-51.44131027593705
1533.1683168316833	-51.42957833597652
1533.1863186318635	-51.410219337802594
1533.2043204320432	-51.383293475447815
1533.2223222322234	-51.34885334049102
1533.2403240324034	-51.306944183096846
1533.2583258325833	-51.25760414313396
1533.2763276327635	-51.20086445291611
1533.2943294329434	-51.13674961292589
1533.3123312331236	-51.0652775417006
1533.3303330333035	-50.98645970092281
1533.3483348334835	-50.90030119654803
1533.3663366336634	-50.80680085669442
1533.3843384338434	-50.705951286803995
1533.4023402340235	-50.597738902479826
1533.4203420342035	-50.48214394021589
1533.4383438343837	-50.359140446070995
1533.4563456345636	-50.228696242225446
1533.4743474347438	-50.09077287112065
1533.4923492349237	-49.94532551679715
1533.5103510351037	-49.79230290277795
1533.5283528352836	-49.63164716573783
1533.5463546354636	-49.46329370394663
1533.5643564356437	-49.28717099924771
1533.5823582358237	-49.1032004111661
1533.6003600360038	-48.91129594137041
1533.6183618361838	-48.711363966549605
1533.636363636364	-48.50330293731361
1533.654365436544	-48.28700304050504
1533.6723672367236	-48.0623458217603
1533.6903690369038	-47.82920376483267
1533.7083708370837	-47.587439823583736
1533.726372637264	-47.33690690194414
1533.7443744374439	-47.07744727655941
1533.762376237624	-46.808891955881755
1533.780378037804	-46.53105996873779
1533.798379837984	-46.24375757414256
1533.816381638164	-45.94677738305766
1533.8343834383438	-45.6398973812248
1533.852385238524	-45.32287984048126
1533.870387038704	-44.99547010406228
1533.888388838884	-44.65739522879212
1533.906390639064	-44.30836246443864
1533.924392439244	-43.94805754684875
1533.9423942394242	-43.57614277760259
1533.9603960396041	-43.19225485784596
1533.9783978397843	-42.79600243797112
1533.996399639964	-42.386963337699505
1534.0144014401442	-41.964681381974884
1534.0324032403241	-41.52866278744527
1534.050405040504	-41.078372020525684
1534.0684068406842	-40.6132270315573
1534.0864086408642	-40.13259374850228
1534.1044104410444	-39.63577968732389
1534.1224122412243	-39.12202650319455
1534.1404140414043	-38.59050126409544
1534.1584158415842	-38.04028617459596
1534.1764176417644	-37.470366407366114
1534.1944194419443	-36.879615609556396
1534.2124212421243	-36.26677853183358
1534.2304230423044	-35.63045007114583
1534.2484248424844	-34.969049808954495
1534.2664266426646	-34.28079084591333
1534.2844284428445	-33.563641354188086
1534.3024302430244	-32.815276749414615
1534.3204320432044	-32.03301967129462
1534.3384338433843	-31.213763973537333
1534.3564356435645	-30.353877550963198
1534.3744374437445	-29.449076921368047
1534.3924392439246	-28.494263843464097
1534.4104410441046	-27.483310697172673
1534.4284428442847	-26.408776830151623
1534.4464446444647	-25.26153318135655
1534.4644464446444	-24.030270009600862
1534.4824482448246	-22.700872240286706
1534.5004500450045	-21.255700541837037
1534.5184518451847	-19.673016131456087
1534.5364536453646	-17.927469087851378
1534.5544554455448	-15.994851568282332
1534.5724572457248	-13.871796599260948
1534.590459045905	-11.642477480839734
1534.6084608460849	-9.648169703016952
1534.6264626462646	-8.603828213635976
1534.6444644464448	-8.928370176473532
1534.6624662466247	-10.074673671070842
1534.680468046805	-11.37294958261512
1534.6984698469848	-12.539977314752734
1534.716471647165	-13.514562157910133
1534.734473447345	-14.306599434805772
1534.752475247525	-14.941803265812023
1534.7704770477048	-15.445878622669065
1534.7884788478848	-15.840933168268606
1534.806480648065	-16.14532959920259
1534.824482448245	-16.374358272231838
1534.842484248425	-16.540981023221942
1534.860486048605	-16.6564540710739
1534.878487848785	-16.730798725569674
1534.8964896489651	-16.773129551611625
1534.914491449145	-16.791855812657055
1534.932493249325	-16.794770523856034
1534.950495049505	-16.789041147511625
1534.9684968496852	-16.781119451799093
1534.986498649865	-16.77659505364645
1535.004500450045	-16.78002541712852
1535.0225022502252	-16.794780938125378
1535.0405040504052	-16.822943412562037
1535.0585058505853	-16.86528748531931
1535.0765076507653	-16.921358560310598
1535.0945094509452	-16.989641298747276
1535.1125112511252	-17.067795974710553
1535.1305130513053	-17.152930282213262
1535.1485148514853	-17.241873384338643
1535.1665166516652	-17.331425512288433
1535.1845184518454	-17.41856677596691
1535.2025202520254	-17.50061941638871
1535.2205220522055	-17.575366017394867
1535.2385238523855	-17.641131182927925
1535.2565256525654	-17.696836009102004
1535.2745274527454	-17.74203404738568
1535.2925292529253	-17.776935173818835
1535.3105310531055	-17.80242049529998
1535.3285328532854	-17.820047574230472
1535.3465346534656	-17.832041158898058
1535.3645364536455	-17.841260650243946
1535.3825382538257	-17.851132351996256
1535.4005400540057	-17.86553317210619
1535.4185418541854	-17.888614264190416
1535.4365436543656	-17.924559518736256
1535.4545454545455	-17.977285462954818
1535.4725472547257	-18.050104815139857
1535.4905490549056	-18.145391913933906
1535.5085508550858	-18.26429863066086
1535.5265526552657	-18.40656834251038
1535.5445544554457	-18.57048057265065
1535.5625562556256	-18.752933137661717
1535.5805580558056	-18.9496402807029
1535.5985598559857	-19.155403769944495
1535.6165616561657	-19.364405399069078
1535.6345634563459	-19.570474032974168
1535.6525652565258	-19.767293765078346
1535.670567056706	-19.94853562565926
1535.688568856886	-20.10790850897124
1535.7065706570659	-20.23913296518988
1535.7245724572458	-20.33584384657098
1535.7425742574258	-20.391425299273283
1535.760576057606	-20.39877515363542
1535.7785778577859	-20.34998561715108
1535.796579657966	-20.23591231837277
1535.814581458146	-20.045581328551837
1535.832583258326	-19.76534795071428
1535.850585058506	-19.377660757531483
1535.868586858686	-18.859179431843515
1535.886588658866	-18.17781195688709
1535.904590459046	-17.28794161019177
1535.9225922592261	-16.122829728122532
1535.940594059406	-14.58439678931498
1535.958595859586	-12.545431166619359
1535.9765976597662	-10.00254894161855
1535.9945994599461	-8.1491555313126
1536.0126012601263	-9.822242601895738
1536.0306030603062	-13.361421723263337
1536.0486048604862	-16.600737675644048
1536.0666066606661	-19.30097800296511
1536.084608460846	-21.581300185869054
1536.1026102610263	-23.554079422128027
1536.1206120612062	-25.29733895151548
1536.1386138613864	-26.864044009923013
1536.1566156615663	-28.290957258396688
1536.1746174617465	-29.604369000738984
1536.1926192619262	-30.82363258161446
1536.2106210621064	-31.963370174269414
1536.2286228622863	-33.03488473533912
1536.2466246624663	-34.04708975292681
1536.2646264626464	-35.007138401291975
1536.2826282628264	-35.92086012883741
1536.3006300630066	-36.79307060416956
1536.3186318631865	-37.627796322253474
1536.3366336633667	-38.42844040718296
1536.3546354635464	-39.19790706577266
1536.3726372637263	-39.93869642468924
1536.3906390639065	-40.652977795383535
1536.4086408640865	-41.34264698412888
1536.4266426642666	-42.009371635579065
1536.4446444644466	-42.654627485179034
1536.4626462646268	-43.279727623340534
1536.4806480648067	-43.88584632876504
1536.4986498649866	-44.47403863897478
1536.5166516651666	-45.04525654323874
1536.5346534653465	-45.60036247618021
1536.5526552655267	-46.14014063667058
1536.5706570657067	-46.6653065411988
1536.5886588658868	-47.17651513407259
1536.6066606660668	-47.67436770977759
1536.624662466247	-48.15941785188467
1536.642664266427	-48.63217655261326
1536.6606660666068	-49.09311664630717
1536.6786678667868	-49.54267666512951
1536.6966696669667	-49.98126420593606
1536.714671467147	-50.409258881658275
1536.7326732673268	-50.82701491778554
1536.750675067507	-51.234863444673486
1536.768676867687	-51.633114527826805
1536.786678667867	-52.02205897187021
1536.804680468047	-52.40196992810408
1536.822682268227	-52.77310433113804
1536.840684068407	-53.13570418629367
1536.858685868587	-53.4899977261592
1536.876687668767	-53.83620045227947
1536.894689468947	-54.1745160754785
1536.912691269127	-54.50513736670975
1536.9306930693072	-54.82824692851361
1536.948694869487	-55.14401789596924
1536.9666966696673	-55.45261457487825
1536.984698469847	-55.75419302381058
1537.0027002700272	-56.048901586017664
1537.020702070207	-56.33688137626609
1537.038703870387	-56.61826672725156
1537.0567056705672	-56.893185599520265
1537.0747074707472	-57.161759958483024
1537.0927092709273	-57.42410612169826
1537.1107110711073	-57.680335079138665
1537.1287128712875	-57.93055278902521
1537.1467146714672	-58.174860451347286
1537.1647164716474	-58.413354761146714
1537.1827182718273	-58.64612814324431
1537.2007200720072	-58.87326897008972
1537.2187218721874	-59.09486176409045
1537.2367236723674	-59.31098738573645
1537.2547254725475	-59.52172320870243
1537.2727272727275	-59.72714328290944
1537.2907290729074	-59.92731848657019
1537.3087308730874	-60.12231666799358
1537.3267326732673	-60.312202777999396
1537.3447344734475	-60.497038993587296
1537.3627362736274	-60.67688483352445
1537.3807380738076	-60.851797266453985
1537.3987398739876	-61.02183081200081
1537.4167416741677	-61.18703763542325
1537.4347434743477	-61.34746763618562
1537.4527452745276	-61.503168530916
1537.4707470747076	-61.65418593106821
1537.4887488748875	-61.80056341564449
1537.5067506750677	-61.94234259930373
1537.5247524752476	-62.079563196093474
1537.5427542754278	-62.212263079116696
1537.5607560756077	-62.340478336316565
1537.578757875788	-62.464243322647626
1537.5967596759679	-62.58359070878101
1537.6147614761476	-62.6985515265729
1537.6327632763278	-62.80915521142433
1537.6507650765077	-62.91542964170024
1537.6687668766879	-63.01740117535823
1537.6867686768678	-63.11509468388128
1537.704770477048	-63.20853358366797
1537.722772277228	-63.297739864946564
1537.7407740774079	-63.38273411834212
1537.758775877588	-63.46353555915382
1537.7767776777678	-63.540162049430506
1537.794779477948	-63.612630117920226
1537.8127812781279	-63.680954977930824
1537.830783078308	-63.74515054318102
1537.848784878488	-63.805229441659606
1537.866786678668	-63.861203027555895
1537.8847884788481	-63.913081391271724
1537.902790279028	-63.96087336754882
1537.920792079208	-64.00458654173343
1537.938793879388	-64.04422725417523
1537.9567956795681	-64.07980060278271
1537.974797479748	-64.11131044371663
1537.992799279928	-64.13875939022813
1538.0108010801082	-64.16214880961613
1538.0288028802881	-64.18147881828743
1538.0468046804683	-64.19674827489375
1538.0648064806483	-64.20795477150452
1538.0828082808282	-64.21509462277997
1538.1008100810081	-64.21816285308967
1538.1188118811883	-64.21715318152269
1538.1368136813683	-64.21205800472153
1538.1548154815482	-64.20286837746619
1538.1728172817284	-64.18957399092498
1538.1908190819083	-64.17216314847936
1538.2088208820885	-64.15062273901626
1538.2268226822684	-64.12493820757828
1538.2448244824484	-64.09509352323806
1538.2628262826283	-64.06107114406511
1538.2808280828083	-64.02285197902285
1538.2988298829885	-63.98041534663462
1538.3168316831684	-63.93373893023174
1538.3348334833486	-63.88279872957489
1538.3528352835285	-63.827569008640026
1538.3708370837087	-63.76802223930889
1538.3888388838886	-63.70412904071739
1538.4068406840684	-63.63585811395092
1538.4248424842485	-63.56317617178458
1538.4428442844285	-63.486047863113804
1538.4608460846086	-63.404435691683396
1538.4788478847886	-63.31829992871854
1538.4968496849688	-63.22759851897021
1538.5148514851487	-63.132286979702045
1538.5328532853287	-63.03231829203385
1538.5508550855088	-62.92764278406008
1538.5688568856885	-62.81820800506502
1538.5868586858687	-62.70395859008546
1538.6048604860487	-62.58483611404156
1538.6228622862288	-62.46077893450179
1538.6408640864088	-62.33172202213836
1538.658865886589	-62.197596777736564
1538.676867686769	-62.05833083459906
1538.6948694869488	-61.913847844961026
1538.7128712871288	-61.76406724897291
1538.7308730873087	-61.60890402459144
1538.748874887489	-61.448268416531334
1538.7668766876689	-61.28206564228815
1538.784878487849	-61.110195572908886
1538.802880288029	-60.93255238604189
1538.820882088209	-60.74902418838205
1538.838883888389	-60.55949260440202
1538.856885688569	-60.363832327815985
1538.874887488749	-60.16191063178795
1538.892889288929	-59.95358683349466
1538.910891089109	-59.73871170797425
1538.928892889289	-59.517126845717485
1538.946894689469	-59.28866394759937
1538.9648964896492	-59.0531440500862
1538.982898289829	-58.810376672658265
1539.0009000900093	-58.56015887835351
1539.0189018901892	-58.30227423727397
1539.0369036903692	-58.03649168142398
1539.0549054905491	-57.76256423795559
1539.072907290729	-57.48022762605725
1539.0909090909092	-57.18919870105606
1539.1089108910892	-56.88917372717896
1539.1269126912694	-56.579826458218946
1539.1449144914493	-56.26080600314626
1539.1629162916295	-55.93173445110621
1539.1809180918094	-55.592204228122604
1539.1989198919894	-55.24177515549254
1539.2169216921693	-54.87997117859614
1539.2349234923493	-54.50627673421223
1539.2529252925294	-54.120132726228874
1539.2709270927094	-53.72093208434431
1539.2889288928895	-53.30801489049699
1539.3069306930695	-52.880663076561845
1539.3249324932497	-52.43809472861581
1539.3429342934294	-51.97945808646501
1539.3609360936093	-51.503825412907595
1539.3789378937895	-51.010187045313735
1539.3969396939694	-50.49744616093632
1539.4149414941496	-49.9644151340612
1539.4329432943296	-49.40981491149434
1539.4509450945097	-48.832279699474405
1539.4689468946897	-48.230370627757175
1539.4869486948696	-47.60260422983077
1539.5049504950496	-46.94750501884585
1539.5229522952295	-46.26369686239846
1539.5409540954097	-45.55005632701227
1539.5589558955896	-44.80596411577147
1539.5769576957698	-44.031709744675155
1539.5949594959498	-43.22913030982442
1539.61296129613	-42.40259270832801
1539.6309630963099	-41.56044248706336
1539.6489648964898	-40.71699088078789
1539.6669666966698	-39.894880965853545
1539.6849684968497	-39.1270843433329
1539.7029702970299	-38.45674984093372
1539.7209720972098	-37.932232044658605
1539.73897389739	-37.59572874005771
1539.75697569757	-37.468776870767336
1539.77497749775	-37.543295188783226
1539.79297929793	-37.78503869533569
1539.81098109811	-38.14670660148167
1539.82898289829	-38.581595831091306
1539.84698469847	-39.051597990485604
1539.86498649865	-39.52928211956347
1539.88298829883	-39.996616764999814
1539.90099009901	-40.442630560788444
1539.9189918991901	-40.86120103699542
1539.93699369937	-41.24935267327014
1539.9549954995503	-41.606069123000765
1539.9729972997302	-41.93150749903295
1539.9909990999101	-42.22649500325442
1540.00900090009	-42.49221336224266
1540.02700270027	-42.73000456750693
1540.0450045004502	-42.94125366510202
1540.0630063006301	-43.12731997323289
1540.0810081008103	-43.28949848952184
1540.0990099009903	-43.42899995283665
1540.1170117011704	-43.54694229209824
1540.1350135013502	-43.6443488941162
1540.1530153015303	-43.72215082721028
1540.1710171017103	-43.78119123370648
1540.1890189018902	-43.82223078484807
1540.2070207020704	-43.845953521925445
1540.2250225022503	-43.85297267952623
1540.2430243024305	-43.843836258374644
1540.2610261026105	-43.81903222286425
1540.2790279027906	-43.77899326525658
1540.2970297029703	-43.724101119380705
1540.3150315031503	-43.654690430968905
1540.3330333033305	-43.57105220561637
1540.3510351035104	-43.473436862617376
1540.3690369036906	-43.36205692616324
1540.3870387038705	-43.23708938628713
1540.4050405040507	-43.098677761423886
1540.4230423042306	-42.94693389347123
1540.4410441044106	-42.78193950496586
1540.4590459045905	-42.603747547095224
1540.4770477047705	-42.41238336671089
1540.4950495049507	-42.20784572069026
1540.5130513051306	-41.99010766718548
1540.5310531053108	-41.75911736546196
1540.5490549054907	-41.51479881994323
1540.567056705671	-41.25705260956414
1540.5850585058508	-40.98575665172915
1540.6030603060308	-40.70076706108029
1540.6210621062107	-40.401919178464254
1540.6390639063907	-40.08902886551607
1540.6570657065708	-39.761894187032105
1540.6750675067508	-39.42029763884362
1540.693069306931	-39.064009125366745
1540.711071107111	-38.6927899525482
1540.7290729072909	-38.30639818194164
1540.747074707471	-37.90459579651831
1540.7650765076507	-37.487158264345965
1540.783078307831	-37.0538872607603
1540.8010801080109	-36.60462753172437
1540.819081908191	-36.139289158230625
1540.837083708371	-35.65787682004805
1540.855085508551	-35.16052805270717
1540.873087308731	-34.64756292514786
1540.891089108911	-34.119547981197485
1540.9090909090912	-33.57737757020084
1540.927092709271	-33.022375619615545
1540.945094509451	-32.45642008826524
1540.963096309631	-31.882090162561134
1540.981098109811	-31.30283180992777
1540.9990999099912	-30.723129444775033
1541.0171017101711	-30.148659142774974
1541.0351035103513	-29.586381963006723
1541.0531053105312	-29.04451699216519
1541.0711071107114	-28.53231998003746
1541.0891089108911	-28.05959825329714
1541.107110711071	-27.635932514769106
1541.1251125112512	-27.269660046554577
1541.1431143114312	-26.96678588544925
1541.1611161116114	-26.730078728622676
1541.1791179117913	-26.558611703597656
1541.1971197119715	-26.447893960053563
1541.2151215121514	-26.39055022905232
1541.2331233123314	-26.37733914498485
1541.2511251125113	-26.39823757354469
1541.2691269126913	-26.44336646465365
1541.2871287128714	-26.50364144943119
1541.3051305130514	-26.571135363469818
1541.3231323132316	-26.63920472009093
1541.3411341134115	-26.702454890445544
1541.3591359135917	-26.756613486421756
1541.3771377137716	-26.79836414826214
1541.3951395139516	-26.82517433264539
1541.4131413141315	-26.835135697751042
1541.4311431143115	-26.826825399717606
1541.4491449144916	-26.799190386588066
1541.4671467146716	-26.75145344531292
1541.4851485148517	-26.683038266435005
1541.5031503150317	-26.593510358642312
1541.5211521152119	-26.482530760619817
1541.5391539153918	-26.34981985478369
1541.5571557155715	-26.195129017181632
1541.5751575157517	-26.018218255041784
1541.5931593159316	-25.818838350828592
1541.6111611161118	-25.596716338083798
1541.6291629162918	-25.35154338143569
1541.647164716472	-25.082964327752897
1541.6651665166519	-24.79056834693502
1541.6831683168318	-24.473880197688246
1541.701170117012	-24.132351745034338
1541.7191719171917	-23.765353429798985
1541.737173717372	-23.372165454552835
1541.7551755175518	-22.95196851497343
1541.773177317732	-22.503833981896676
1541.791179117912	-22.026713545599797
1541.809180918092	-21.519428495274422
1541.827182718272	-20.9806590661727
1541.845184518452	-20.408934711604626
1541.863186318632	-19.80262686002197
1541.881188118812	-19.159946887013458
1541.899189918992	-18.47895398330101
1541.917191719172	-17.757580866867578
1541.935193519352	-16.993690764371728
1541.9531953195321	-16.185188266761635
1541.971197119712	-15.330221961420472
1541.9891989198923	-14.427541851660788
1542.0072007200722	-13.477114399031613
1542.0252025202522	-12.481156635295465
1542.043204320432	-11.445822699577112
1542.061206120612	-10.383819109195098
1542.0792079207922	-9.318093424517116
1542.0972097209722	-8.286078208090004
1542.1152115211523	-7.342240028204224
1542.1332133213323	-6.554024668108228
1542.1512151215125	-5.98587567690449
1542.1692169216924	-5.673988505063542
1542.1872187218723	-5.608348847124775
1542.2052205220523	-5.7382680969185875
1542.2232223222322	-5.996155210253021
1542.2412241224124	-6.32007322763203
1542.2592259225923	-6.664228791109067
1542.2772277227725	-6.999476338812815
1542.2952295229525	-7.3096458925936165
1542.3132313231326	-7.587437900124754
1542.3312331233126	-7.831222473689218
1542.3492349234923	-8.042868204197168
1542.3672367236725	-8.226351558082658
1542.3852385238524	-8.386869771972464
1542.4032403240326	-8.530246508069231
1542.4212421242125	-8.662491903438477
1542.4392439243927	-8.78943657689306
1542.4572457245727	-8.916402720530808
1542.4752475247526	-9.04790754379118
1542.4932493249325	-9.187415970055717
1542.5112511251125	-9.33716963443935
1542.5292529252927	-9.498117121860016
1542.5472547254726	-9.669957650161303
1542.5652565256528	-9.851291873514437
1542.5832583258327	-10.039855844171994
1542.601260126013	-10.232803254198057
1542.6192619261928	-10.426999507254608
1542.6372637263728	-10.619297813593922
1542.6552655265527	-10.806778759147054
1542.6732673267327	-10.986946624853303
1542.6912691269129	-11.157885160642373
1542.7092709270928	-11.31838117559582
1542.727272727273	-11.46802608637264
1542.745274527453	-11.607303986811534
1542.7632763276329	-11.73767045279381
1542.781278127813	-11.861619586927219
1542.799279927993	-11.982728062240424
1542.817281728173	-12.10565481423931
1542.8352835283529	-12.236065284918517
1542.853285328533	-12.380443286889601
1542.871287128713	-12.545757208761136
1542.889288928893	-12.7389666745567
1542.907290729073	-12.966393972870868
1542.925292529253	-13.233035862004993
1542.9432943294332	-13.54193775967538
1542.9612961296132	-13.893768303944729
1542.9792979297931	-14.286699491905061
1542.997299729973	-14.716621144345636
1543.015301530153	-15.177629154407535
1543.0333033303332	-15.66266383781052
1543.0513051305131	-16.16416037219335
1543.0693069306933	-16.67460316301574
1543.0873087308732	-17.186926994797357
1543.1053105310534	-17.694755999735644
1543.1233123312334	-18.192503280769674
1543.1413141314133	-18.675367596269417
1543.1593159315933	-19.139263728985053
1543.1773177317732	-19.580716394682952
1543.1953195319534	-19.996738718987565
1543.2133213321333	-20.38470819862894
1543.2313231323135	-20.74224672985171
1543.2493249324934	-21.06710679590051
1543.2673267326736	-21.357062877816503
1543.2853285328533	-21.609805087679067
1543.3033303330333	-21.822830442801283
1543.3213321332134	-21.99332567112635
1543.3393339333934	-22.11803354506226
1543.3573357335736	-22.193092002369298
1543.3753375337535	-22.21383106449528
1543.3933393339337	-22.174505755690394
1543.4113411341136	-22.06793206416418
1543.4293429342936	-21.88497423681452
1543.4473447344735	-21.613799308080832
1543.4653465346535	-21.2387569839029
1543.4833483348336	-20.738636273841216
1543.5013501350136	-20.083846192403385
1543.5193519351938	-19.231667692273145
1543.5373537353737	-18.117950946745996
1543.5553555355539	-16.642423847021178
1543.5733573357338	-14.64603391138615
1543.5913591359138	-11.921232293876209
1543.6093609360937	-8.803724422539057
1543.6273627362737	-8.975434101906801
1543.6453645364538	-12.94232224112214
1543.6633663366338	-16.700207004639132
1543.681368136814	-19.714581406206843
1543.699369936994	-22.188066477008107
1543.7173717371738	-24.287926325537427
1543.735373537354	-26.120192544757668
1543.753375337534	-27.752633306343533
1543.771377137714	-29.230350044666693
1543.7893789378938	-30.584618534984966
1543.807380738074	-31.837927109039494
1543.825382538254	-33.006953626186466
1543.843384338434	-34.1043965128771
1543.861386138614	-35.14014412301161
1543.879387938794	-36.122047086955725
1543.8973897389742	-37.05644382391932
1543.915391539154	-37.948527587700134
1543.933393339334	-38.80260882577797
1543.951395139514	-39.622306592802154
1543.969396939694	-40.41069077726269
1543.9873987398742	-41.1703895231258
1544.005400540054	-41.903671566906496
1544.0234023402343	-42.6125101934943
1544.0414041404142	-43.29863351826802
1544.0594059405944	-43.963564457443496
1544.077407740774	-44.60865282356223
1544.095409540954	-45.23510133802198
1544.1134113411342	-45.843986894493305
1544.1314131413142	-46.43627807839191
1544.1494149414943	-47.01284970802001
1544.1674167416743	-47.574494986216735
1544.1854185418545	-48.1219357202096
1544.2034203420344	-48.65583096788466
1544.2214221422146	-49.176784393834964
1544.2394239423943	-49.685350560374346
1544.2574257425742	-50.182040334426894
1544.2754275427544	-50.667325556014134
1544.2934293429344	-51.14164308691093
1544.3114311431145	-51.60539833637755
1544.3294329432945	-52.05896834343332
1544.3474347434747	-52.502704481629934
1544.3654365436546	-52.93693484078769
1544.3834383438345	-53.36196633146572
1544.4014401440145	-53.77808655026935
1544.4194419441944	-54.18556543825155
1544.4374437443746	-54.58465675968647
1544.4554455445545	-54.97559942421531
1544.4734473447347	-55.358618672219194
1544.4914491449147	-55.73392714012417
1544.5094509450948	-56.101725820255055
1544.5274527452748	-56.46220492755475
1544.5454545454547	-56.815544684072954
1544.5634563456347	-57.16191603044521
1544.5814581458146	-57.50148127251844
1544.5994599459948	-57.834394670231326
1544.6174617461747	-58.16080297482871
1544.635463546355	-58.48084591994883
1544.6534653465349	-58.79465667121616
1544.6714671467148	-59.1023622386498
1544.689468946895	-59.40408385549074
1544.7074707470747	-59.69993732676134
1544.7254725472549	-59.99003335049267
1544.7434743474348	-60.27447781411184
1544.761476147615	-60.553372068393266
1544.779477947795	-60.826813180914485
1544.7974797479749	-61.09489417095138
1544.815481548155	-61.3577042273711
1544.833483348335	-61.615328911028406
1544.8514851485152	-61.867850343017984
1544.8694869486949	-62.11534737989729
1544.887488748875	-62.35789577704806
1544.905490549055	-62.59556834105088
1544.923492349235	-62.82843507204148
1544.9414941494151	-63.05656329677062
1544.959495949595	-63.28001779311954
1544.9774977497752	-63.49886090675085
1544.9954995499552	-63.71315266042573
1545.0135013501351	-63.92295085661112
1545.031503150315	-64.1283111737904
1545.049504950495	-64.3292872570081
1545.0675067506752	-64.52593080299992
1545.0855085508551	-64.71829164031271
1545.1035103510353	-64.90641780478327
1545.1215121512153	-65.0903556106382
1545.1395139513954	-65.27014971757643
1545.1575157515754	-65.44584319403371
1545.1755175517553	-65.61747757694518
1545.1935193519353	-65.78509292816679
1545.2115211521152	-65.9487278878307
1545.2295229522954	-66.1084197247767
1545.2475247524753	-66.26420438426142
1545.2655265526555	-66.4161165331283
1545.2835283528354	-66.56418960254611
1545.3015301530156	-66.70845582851454
1545.3195319531956	-66.8489462902122
1545.3375337533753	-66.98569094636257
1545.3555355535555	-67.11871866968907
1545.3735373537354	-67.24805727958226
1545.3915391539156	-67.37373357309178
1545.4095409540955	-67.49577335429596
1545.4275427542757	-67.61420146218063
1545.4455445544556	-67.72904179705894
1545.4635463546356	-67.8403173456503
1545.4815481548158	-67.94805020485101
1545.4995499549955	-68.05226160427594
1545.5175517551756	-68.15297192764173
1545.5355535553556	-68.25020073301633
1545.5535553555358	-68.34396677202447
1545.5715571557157	-68.43428800801915
1545.5895589558959	-68.52118163330073
1545.6075607560758	-68.60466408539048
1545.6255625562558	-68.68475106243041
1545.643564356436	-68.76145753771972
1545.6615661566157	-68.83479777343308
1545.6795679567958	-68.90478533356001
1545.6975697569758	-68.97143309607333
1545.715571557156	-69.0347532643801
1545.733573357336	-69.09475737805445
1545.7515751575158	-69.1514563229
1545.769576957696	-69.20486034034424
1545.787578757876	-69.2549790361936
1545.805580558056	-69.30182138877277
1545.8235823582359	-69.34539575645026
1545.841584158416	-69.3857098845841
1545.859585958596	-69.42277091188377
1545.877587758776	-69.45658537621762
1545.895589558956	-69.48715921986452
1545.913591359136	-69.51449779422605
1545.9315931593162	-69.53860586401056
1545.9495949594962	-69.5594876108892
1545.967596759676	-69.57714663664031
1545.985598559856	-69.59158596577876
1546.003600360036	-69.60280804768303
1546.0216021602162	-69.61081475821717
1546.039603960396	-69.61560740085369
1546.0576057605763	-69.61718670729837
1546.0756075607562	-69.61555283761619
1546.0936093609364	-69.61070537985896
1546.1116111611163	-69.60264334919245
1546.1296129612963	-69.59136518651994
1546.1476147614762	-69.57686875659967
1546.1656165616562	-69.55915134564896
1546.1836183618364	-69.53820965843133
1546.2016201620163	-69.51403981481914
1546.2196219621965	-69.48663734582001
1546.2376237623764	-69.45599718906445
1546.2556255625566	-69.42211368373451
1546.2736273627365	-69.38498056493239
1546.2916291629163	-69.34459095746385
1546.3096309630964	-69.30093736903133
1546.3276327632764	-69.25401168281752
1546.3456345634565	-69.203805149435
1546.3636363636365	-69.15030837823663
1546.3816381638167	-69.09351132794806
1546.3996399639966	-69.03340329661815
1546.4176417641766	-68.96997291084355
1546.4356435643565	-68.90320811425654
1546.4536453645364	-68.83309615524111
1546.4716471647166	-68.75962357383793
1546.4896489648966	-68.68277618782439
1546.5076507650767	-68.60253907790822
1546.5256525652567	-68.51889657202308
1546.5436543654369	-68.43183222865574
1546.5616561656168	-68.3413288191897
1546.5796579657967	-68.24736830918698
1546.5976597659767	-68.14993183858043
1546.6156615661566	-68.048999700712
1546.6336633663368	-67.94455132014404
1546.6516651665168	-67.83656522920877
1546.669666966697	-67.725019043189
1546.6876687668769	-67.60988943409524
1546.7056705670568	-67.4911521029193
1546.723672367237	-67.36878175030962
1546.741674167417	-67.24275204556336
1546.7596759675969	-67.1130355938191
1546.7776777677768	-66.97960390137834
1546.795679567957	-66.8424273389929
1546.813681368137	-66.7014751030406
1546.8316831683169	-66.55671517440423
1546.849684968497	-66.40811427494592
1546.867686768677	-66.25563782140202
1546.8856885688572	-66.09924987650709
1546.9036903690371	-65.93891309720401
1546.921692169217	-65.77458867968122
1546.939693969397	-65.60623630107507
1546.957695769577	-65.43381405753928
1546.9756975697571	-65.25727839846792
1546.993699369937	-65.07658405656989
1547.0117011701172	-64.89168397346307
1547.0297029702972	-64.70252922050328
1547.0477047704774	-64.50906891441275
1547.065706570657	-64.31125012737454
1547.0837083708373	-64.10901779107975
1547.1017101710172	-63.90231459431631
1547.1197119711971	-63.691080873496205
1547.1377137713773	-63.47525449559608
1547.1557155715573	-63.254770732846495
1547.1737173717374	-63.02956212843587
1547.1917191719174	-62.79955835251336
1547.2097209720976	-62.564686047547966
1547.2277227722773	-62.32486866217531
1547.2457245724572	-62.08002627239202
1547.2637263726374	-61.830075388993684
1547.2817281728173	-61.574928749927544
1547.2997299729975	-61.31449509607914
1547.3177317731775	-61.04867892895065
1547.3357335733576	-60.77738024833189
1547.3537353735376	-60.50049426804139
1547.3717371737175	-60.217911107375876
1547.3897389738975	-59.929515455802864
1547.4077407740774	-59.635186208003574
1547.4257425742576	-59.33479606600267
1547.4437443744375	-59.02821110482374
1547.4617461746177	-58.7152902974328
1547.4797479747976	-58.39588499439596
1547.4977497749778	-58.06983835280405
1547.5157515751578	-57.7369847085029
1547.5337533753377	-57.39714888456387
1547.5517551755177	-57.05014542812602
1547.5697569756976	-56.69577776642333
1547.5877587758778	-56.33383727141147
1547.6057605760577	-55.964102220915734
1547.623762376238	-55.58633664205271
1547.6417641764178	-55.20028902065006
1547.6597659765978	-54.805690857389955
1547.677767776778	-54.40225504838964
1547.695769576958	-53.98967406388064
1547.7137713771378	-53.567617893948515
1547.7317731773178	-53.135731724798944
1547.749774977498	-52.69363330187271
1547.767776777678	-52.240909928069705
1547.7857785778579	-51.77711503477976
1547.803780378038	-51.3017642511035
1547.821782178218	-50.81433088089803
1547.8397839783981	-50.31424067792889
1547.8577857785779	-49.800865785454164
1547.875787578758	-49.27351767590919
1547.893789378938	-48.73143888841383
1547.911791179118	-48.17379331277489
1547.929792979298	-47.59965470679003
1547.947794779478	-47.00799305346553
1547.9657965796582	-46.397658261276185
1547.9837983798382	-45.76736057618599
1548.0018001800183	-45.11564689752153
1548.019801980198	-44.4408719583803
1548.037803780378	-43.74116302449081
1548.0558055805582	-43.01437636016605
1548.0738073807381	-42.2580431725535
1548.0918091809183	-41.46930203769068
1548.1098109810982	-40.64481389270452
1548.1278127812784	-39.780654519439935
1548.1458145814584	-38.87217808176287
1548.1638163816383	-37.91384393090876
1548.1818181818182	-36.89899830064353
1548.1998199819982	-35.81960478504554
1548.2178217821784	-34.66592837751692
1548.2358235823583	-33.4262128507927
1548.2538253825385	-32.08649257870537
1548.2718271827184	-30.630964367895057
1548.2898289828986	-29.04413915731884
1548.3078307830785	-27.318186838756432
1548.3258325832585	-25.474531717823403
1548.3438343834384	-23.619210286630462
1548.3618361836184	-22.04240877230855
1548.3798379837986	-21.222573380809667
1548.3978397839785	-21.419028489538405
1548.4158415841587	-22.321884101607374
1548.4338433843386	-23.46132397277114
1548.4518451845186	-24.570616451983554
1548.4698469846987	-25.55641544458122
1548.4878487848785	-26.40190599445219
1548.5058505850586	-27.116122858168534
1548.5238523852386	-27.714551946387694
1548.5418541854187	-28.212610922940993
1548.5598559855987	-28.623785807962406
1548.5778577857789	-28.9593534675593
1548.5958595859588	-29.22859576891698
1548.6138613861388	-29.439124869087184
1548.631863186319	-29.59719463753457
1548.6498649864986	-29.707964093006236
1548.6678667866788	-29.77570993750217
1548.6858685868588	-29.803994781757986
1548.703870387039	-29.795799453131202
1548.7218721872189	-29.75362704059233
1548.7398739873988	-29.679584960766814
1548.757875787579	-29.5754499806569
1548.775877587759	-29.44271999848918
1548.7938793879391	-29.28265548771622
1548.8118811881188	-29.096312820529434
1548.829882988299	-28.88457116454265
1548.847884788479	-28.648154251556708
1548.865886588659	-28.387648018775415
1548.883888388839	-28.103514896802647
1548.901890189019	-27.796105346554903
1548.9198919891992	-27.46566711561976
1548.9378937893791	-27.112352583755218
1548.955895589559	-26.736224489445796
1548.973897389739	-26.33726027029006
1548.991899189919	-25.91535520495715
1549.0099009900991	-25.470324512177648
1549.027902790279	-25.00190454067679
1549.0459045904593	-24.50975317354619
1549.0639063906392	-23.99344957254092
1549.0819081908194	-23.452493404165846
1549.0999099909993	-22.8863037261253
1549.1179117911793	-22.294217776095316
1549.1359135913592	-21.675490008467044
1549.1539153915392	-21.029291885788002
1549.1719171917193	-20.354713180299623
1549.1899189918993	-19.650765919603362
1549.2079207920794	-18.916392686725743
1549.2259225922594	-18.150481860596216
1549.2439243924396	-17.35189371121129
1549.2619261926195	-16.519503276597757
1549.2799279927992	-15.652268980117565
1549.2979297929794	-14.749340467509848
1549.3159315931593	-13.810225747681883
1549.3339333933395	-12.835047016061962
1549.3519351935195	-11.82492670318858
1549.3699369936996	-10.78255886121941
1549.3879387938796	-9.713029975195884
1549.4059405940595	-8.624941138918455
1549.4239423942397	-7.531813550447078
1549.4419441944194	-6.453566945596466
1549.4599459945996	-5.417475354828685
1549.4779477947795	-4.4574657167972
1549.4959495949597	-3.610334628774911
1549.5139513951397	-2.9083076265625096
1549.5319531953198	-2.3699184225802634
1549.5499549954998	-1.993861312919615
1549.5679567956797	-1.759826487849094
1549.5859585958597	-1.6357617347823412
1549.6039603960396	-1.5870174823938508
1549.6219621962198	-1.583119565253381
1549.6399639963997	-1.6008339274185566
1549.65796579658	-1.624414862777948
1549.6759675967598	-1.6444538832576738
1549.6939693969398	-1.6563430423887473
1549.71197119712	-1.6588445935422733
1549.7299729973	-1.652920768569945
1549.7479747974799	-1.6408225861382386
1549.7659765976598	-1.6253900787157192
1549.78397839784	-1.6095181783523995
1549.80198019802	-1.5957591512383438
1549.8199819981999	-1.586048022799564
1549.83798379838	-1.5815455940267589
1549.85598559856	-1.5825934613101467
1549.8739873987402	-1.5887692184756628
1549.89198919892	-1.5990217071571258
1549.9099909991	-1.611859729901168
1549.92799279928	-1.6255655146158001
1549.94599459946	-1.6384067782737364
1549.96399639964	-1.6488270945564638
1549.98199819982	-1.6556012659617885
1550.0000000000002	-1.6579485995737375
1550.0180018001802	-1.6556012659617492
1550.0360036003603	-1.64882709455629
1550.0540054005403	-1.6384067782736373
1550.0720072007202	-1.6255655146155246
1550.0900090009002	-1.6118597299008721
1550.1080108010801	-1.5990217071569857
1550.1260126012603	-1.5887692184754383
1550.1440144014402	-1.582593461310025
1550.1620162016204	-1.581545594026671
1550.1800180018004	-1.5860480227994802
1550.1980198019805	-1.5957591512384064
1550.2160216021603	-1.6095181783524914
1550.2340234023402	-1.625390078715618
1550.2520252025204	-1.6408225861382506
1550.2700270027003	-1.6529207685697302
1550.2880288028805	-1.658844593541987
1550.3060306030604	-1.6563430423883563
1550.3240324032406	-1.6444538832570046
1550.3420342034206	-1.6244148627771182
1550.3600360036005	-1.6008339274179595
1550.3780378037804	-1.583119565252721
1550.3960396039604	-1.5870174823934966
1550.4140414041406	-1.635761734783276
1550.4320432043205	-1.7598264878496983
1550.4500450045007	-1.993861312924595
1550.4680468046806	-2.369918422588117
1550.4860486048608	-2.9083076265734986
1550.5040504050407	-3.6103346287888676
1550.5220522052207	-4.457465716802975
1550.5400540054006	-5.417475354846975
1550.5580558055806	-6.453566945603468
1550.5760576057608	-7.531813550467157
1550.5940594059407	-8.624941138925825
1550.6120612061209	-9.713029975215953
1550.6300630063008	-10.782558861239124
1550.6480648064808	-11.8249267031957
1550.666066606661	-12.835047016080598
1550.6840684068409	-13.810225747688651
1550.7020702070208	-14.749340467527281
1550.7200720072008	-15.652268980123967
1550.738073807381	-16.519503276613936
1550.756075607561	-17.351893711226896
1550.7740774077408	-18.15048186060205
1550.792079207921	-18.916392686740224
1550.810081008101	-19.650765919608858
1550.8280828082811	-20.35471318031307
1550.846084608461	-21.02929188579319
1550.864086408641	-21.67549000847952
1550.882088208821	-22.294217776107356
1550.900090009001	-22.886303726130087
1550.918091809181	-23.452493404177023
1550.936093609361	-23.99344957254548
1550.9540954095412	-24.509753173556565
1550.9720972097211	-25.001904540681128
1550.9900990099013	-25.47032451218726
1551.008100810081	-25.915355204961294
1551.026102610261	-26.337260270294106
1551.0441044104412	-26.736224489454322
1551.062106210621	-27.11235258375909
1551.0801080108013	-27.465667115627586
1551.0981098109812	-27.796105346558633
1551.1161116111614	-28.103514896809774
1551.1341134113413	-28.38764801877899
1551.1521152115215	-28.64815425156314
1551.1701170117012	-28.88457116454873
1551.1881188118812	-29.096312820532823
1551.2061206120613	-29.28265548772159
1551.2241224122413	-29.442719998492453
1551.2421242124215	-29.57544998066154
1551.2601260126014	-29.679584960769994
1551.2781278127816	-29.753627040596147
1551.2961296129615	-29.7957994531346
1551.3141314131415	-29.80399478176105
1551.3321332133214	-29.775709937504647
1551.3501350135014	-29.707964093009235
1551.3681368136815	-29.597194637535978
1551.3861386138615	-29.43912486909014
1551.4041404140416	-29.228595768917135
1551.4221422142216	-28.959353467558717
1551.4401440144015	-28.62378580796537
1551.4581458145817	-28.21261092293866
1551.4761476147617	-27.714551946390735
1551.4941494149416	-27.11612285816395
1551.5121512151215	-26.401905994455397
1551.5301530153017	-25.55641544457382
1551.5481548154817	-24.570616451987135
1551.5661566156618	-23.46132397276149
1551.5841584158418	-22.321884101598883
1551.6021602160217	-21.41902848954291
1551.620162016202	-21.222573380817575
1551.6381638163816	-22.042408772312143
1551.6561656165618	-23.619210286654322
1551.6741674167417	-25.4745317178257
1551.692169216922	-27.31818683877949
1551.7101710171019	-29.04413915734014
1551.7281728172818	-30.63096436789675
1551.746174617462	-32.08649257872341
1551.764176417642	-33.42621285079425
1551.782178217822	-34.66592837753251
1551.8001800180018	-35.81960478504702
1551.818181818182	-36.898998300657276
1551.836183618362	-37.913843930921786
1551.8541854185419	-38.872178081764275
1551.872187218722	-39.78065451945175
1551.890189018902	-40.64481389270588
1551.9081908190822	-41.46930203770154
1551.926192619262	-42.25804317255482
1551.9441944194423	-43.01437636017607
1551.962196219622	-43.74116302449209
1551.980198019802	-44.440871958381564
1551.9981998199821	-45.11564689753058
1552.016201620162	-45.76736057618721
1552.0342034203422	-46.39765826128467
1552.0522052205222	-47.007993053466734
1552.0702070207024	-47.59965470679805
1552.0882088208823	-48.17379331277603
1552.1062106210622	-48.7314388884214
1552.1242124212422	-49.27351767591658
1552.1422142214221	-49.80086578545524
1552.1602160216023	-50.314240677935906
1552.1782178217823	-50.814330880899064
1552.1962196219624	-51.301764251110185
1552.2142214221424	-51.777115034780756
1552.2322232223225	-52.240909928076064
1552.2502250225025	-52.69363330187893
1552.2682268226824	-53.135731724799875
1552.2862286228624	-53.567617893954456
1552.3042304230423	-53.98967406388155
1552.3222322232225	-54.402255048395325
1552.3402340234024	-54.805690857390836
1552.3582358235826	-55.200289020655504
1552.3762376237626	-55.58633664205803
1552.3942394239425	-55.964102220916544
1552.4122412241227	-56.333837271416556
1552.4302430243024	-56.695777766424115
1552.4482448244826	-57.05014542813089
1552.4662466246625	-57.39714888456461
1552.4842484248427	-57.73698470850757
1552.5022502250226	-58.06983835280863
1552.5202520252028	-58.39588499440044
1552.5382538253828	-58.715290297437186
1552.5562556255627	-59.02821110482439
1552.5742574257429	-59.334796066006874
1552.5922592259226	-59.635186208004185
1552.6102610261028	-59.92951545580689
1552.6282628262827	-60.21791110737646
1552.6462646264629	-60.50049426804524
1552.6642664266428	-60.77738024833565
1552.6822682268228	-61.048678928951176
1552.700270027003	-61.314495096082744
1552.718271827183	-61.57492874992804
1552.7362736273628	-61.83007538899713
1552.7542754275428	-62.08002627239247
1552.772277227723	-62.32486866217861
1552.790279027903	-62.5646860475512
1552.8082808280828	-62.799558352513785
1552.826282628263	-63.02956212843895
1552.844284428443	-63.25477073284688
1552.8622862286231	-63.47525449559902
1552.880288028803	-63.691080873496546
1552.898289828983	-63.90231459431909
1552.916291629163	-64.10901779108247
1552.934293429343	-64.31125012737483
1552.952295229523	-64.50906891441532
1552.970297029703	-64.70252922050355
1552.9882988298832	-64.89168397346552
1553.0063006300632	-65.07658405657013
1553.0243024302433	-65.25727839847023
1553.0423042304233	-65.43381405753948
1553.0603060306032	-65.60623630107727
1553.0783078307832	-65.77458867968335
1553.096309630963	-65.93891309720416
1553.1143114311433	-66.09924987650908
1553.1323132313232	-66.25563782140215
1553.1503150315034	-66.40811427494779
1553.1683168316833	-66.5567151744043
1553.1863186318635	-66.70147510304234
1553.2043204320435	-66.8424273389946
1553.2223222322232	-66.97960390137838
1553.2403240324034	-67.11303559382068
1553.2583258325833	-67.24275204556338
1553.2763276327635	-67.36878175031107
1553.2943294329434	-67.49115210291929
1553.3123312331236	-67.60988943409659
1553.3303330333035	-67.72501904319027
1553.3483348334835	-67.83656522920872
1553.3663366336636	-67.94455132014522
1553.3843384338434	-68.04899970071192
1553.4023402340235	-68.1499318385815
1553.4203420342035	-68.24736830918684
1553.4383438343837	-68.34132881919064
1553.4563456345636	-68.43183222865662
1553.4743474347438	-68.51889657202392
1553.4923492349237	-68.602539077909
1553.5103510351037	-68.68277618782419
1553.5283528352836	-68.75962357383858
1553.5463546354636	-68.83309615524087
1553.5643564356437	-68.9032081142571
1553.5823582358237	-68.9699729108433
1553.6003600360038	-69.03340329661859
1553.6183618361838	-69.09351132794845
1553.6363636363637	-69.15030837823633
1553.654365436544	-69.20380514943528
1553.6723672367239	-69.25401168281718
1553.6903690369038	-69.3009373690315
1553.7083708370837	-69.34459095746347
1553.726372637264	-69.38498056493246
1553.7443744374439	-69.42211368373452
1553.7623762376238	-69.45599718906402
1553.780378037804	-69.48663734581991
1553.798379837984	-69.51403981481867
1553.816381638164	-69.53820965843113
1553.834383438344	-69.55915134564847
1553.852385238524	-69.57686875659935
1553.870387038704	-69.59136518651957
1553.8883888388839	-69.60264334919191
1553.906390639064	-69.61070537985847
1553.924392439244	-69.61555283761562
1553.9423942394242	-69.61718670729779
1553.9603960396041	-69.61560740085308
1553.9783978397843	-69.61081475821648
1553.9963996399642	-69.60280804768239
1554.014401440144	-69.5915859657781
1554.0324032403241	-69.57714663663944
1554.050405040504	-69.55948761088851
1554.0684068406842	-69.53860586400958
1554.0864086408642	-69.51449779422533
1554.1044104410444	-69.48715921986344
1554.1224122412243	-69.45658537621685
1554.1404140414045	-69.42277091188258
1554.1584158415842	-69.38570988458285
1554.1764176417641	-69.34539575644945
1554.1944194419443	-69.3018213887714
1554.2124212421243	-69.25497903619276
1554.2304230423044	-69.20486034034278
1554.2484248424844	-69.15145632289912
1554.2664266426646	-69.09475737805288
1554.2844284428445	-69.03475326437845
1554.3024302430244	-68.9714330960724
1554.3204320432044	-68.90478533355827
1554.3384338433843	-68.8347977734321
1554.3564356435645	-68.76145753771783
1554.3744374437445	-68.68475106242938
1554.3924392439246	-68.60466408538848
1554.4104410441046	-68.52118163329868
1554.4284428442847	-68.43428800801703
1554.4464446444647	-68.3439667720223
1554.4644464446446	-68.2502007330152
1554.4824482448246	-68.15297192763943
1554.5004500450045	-68.05226160427479
1554.5184518451847	-67.94805020484858
1554.5364536453646	-67.84031734564908
1554.5544554455448	-67.7290417970564
1554.5724572457248	-67.61420146217802
1554.5904590459047	-67.4957733542947
1554.6084608460849	-67.37373357308904
1554.6264626462648	-67.24805727958096
1554.6444644464448	-67.1187186696862
1554.6624662466247	-66.98569094636122
1554.680468046805	-66.8489462902092
1554.6984698469848	-66.70845582851148
1554.7164716471648	-66.56418960254467
1554.734473447345	-66.4161165331251
1554.752475247525	-66.26420438425994
1554.770477047705	-66.10841972477334
1554.7884788478848	-65.94872788782918
1554.806480648065	-65.78509292816332
1554.824482448245	-65.61747757694161
1554.8424842484249	-65.44584319403214
1554.860486048605	-65.27014971757272
1554.878487848785	-65.09035561063655
1554.8964896489651	-64.90641780477941
1554.914491449145	-64.71829164031101
1554.9324932493253	-64.52593080299592
1554.950495049505	-64.32928725700636
1554.968496849685	-64.1283111737886
1554.986498649865	-63.92295085660686
